id,course,assignment,student_id,sequence_length,ast_nodes,max_depth,is_plagiarism_all,is_plagiarism_static,is_plagiarism_dynamic,plagiarism_group_size_all,plagiarism_group_size_static,plagiarism_group_size_dynamic
B2016_Z3/Z3_student4824,B2016,Z3/Z3,student4824,72,29,2,False,False,False,0,0,0
B2016_Z3/Z3_student9482,B2016,Z3/Z3,student9482,52,21,2,False,False,False,0,0,0
B2016_Z3/Z3_student3178,B2016,Z3/Z3,student3178,72,29,2,False,False,False,0,0,0
B2016_Z3/Z3_student8993,B2016,Z3/Z3,student8993,62,25,2,False,False,False,0,0,0
B2016_Z3/Z3_student2925,B2016,Z3/Z3,student2925,12,5,2,False,False,False,0,0,0
B2016_Z3/Z3_student5904,B2016,Z3/Z3,student5904,42,17,2,False,False,False,0,0,0
B2016_Z3/Z3_student1237,B2016,Z3/Z3,student1237,12,5,2,False,False,False,0,0,0
B2016_Z3/Z3_student1579,B2016,Z3/Z3,student1579,52,21,2,False,False,False,0,0,0
B2016_Z3/Z3_student4415,B2016,Z3/Z3,student4415,62,25,2,False,False,False,0,0,0
B2016_Z3/Z3_student2886,B2016,Z3/Z3,student2886,92,37,2,False,False,False,0,0,0
B2016_Z3/Z3_student4575,B2016,Z3/Z3,student4575,42,17,2,False,False,False,0,0,0
B2016_Z3/Z3_student2676,B2016,Z3/Z3,student2676,42,17,2,False,False,False,0,0,0
B2016_Z3/Z3_student5496,B2016,Z3/Z3,student5496,52,21,2,False,False,False,0,0,0
B2016_Z3/Z3_student5441,B2016,Z3/Z3,student5441,12,5,2,False,False,False,0,0,0
B2016_Z3/Z3_student3756,B2016,Z3/Z3,student3756,42,17,2,False,False,False,0,0,0
B2016_Z3/Z3_student4011,B2016,Z3/Z3,student4011,42,17,2,False,False,False,0,0,0
B2016_Z3/Z3_student6613,B2016,Z3/Z3,student6613,62,25,2,False,False,False,0,0,0
B2016_Z3/Z3_student5468,B2016,Z3/Z3,student5468,42,17,2,False,False,False,0,0,0
B2016_Z3/Z3_student2111,B2016,Z3/Z3,student2111,52,21,2,False,False,False,0,0,0
B2016_Z3/Z3_student6363,B2016,Z3/Z3,student6363,42,17,2,False,False,False,0,0,0
B2016_Z3/Z3_student8428,B2016,Z3/Z3,student8428,42,17,2,False,False,False,0,0,0
B2016_Z3/Z3_student5695,B2016,Z3/Z3,student5695,12,5,2,False,False,False,0,0,0
B2016_Z3/Z3_student4414,B2016,Z3/Z3,student4414,22,9,2,False,False,False,0,0,0
B2016_Z3/Z3_student2717,B2016,Z3/Z3,student2717,12,5,2,False,False,False,0,0,0
B2016_Z3/Z3_student5078,B2016,Z3/Z3,student5078,52,21,2,False,False,False,0,0,0
B2016_Z3/Z3_student6571,B2016,Z3/Z3,student6571,52,21,2,False,False,False,0,0,0
B2016_Z3/Z3_student5939,B2016,Z3/Z3,student5939,12,5,2,False,False,False,0,0,0
B2016_Z3/Z3_student2267,B2016,Z3/Z3,student2267,52,21,2,False,False,False,0,0,0
B2016_Z3/Z3_student8986,B2016,Z3/Z3,student8986,72,29,2,False,False,False,0,0,0
B2016_Z3/Z3_student4602,B2016,Z3/Z3,student4602,42,17,2,False,False,False,0,0,0
B2016_Z3/Z3_student8776,B2016,Z3/Z3,student8776,52,21,2,False,False,False,0,0,0
B2016_Z3/Z3_student8004,B2016,Z3/Z3,student8004,42,17,2,False,False,False,0,0,0
B2016_Z3/Z3_student6029,B2016,Z3/Z3,student6029,52,21,2,False,False,False,0,0,0
B2016_Z3/Z3_student3186,B2016,Z3/Z3,student3186,42,17,2,False,False,False,0,0,0
B2016_Z3/Z3_student7492,B2016,Z3/Z3,student7492,62,25,2,False,False,False,0,0,0
B2016_Z3/Z3_student1793,B2016,Z3/Z3,student1793,42,17,2,False,False,False,0,0,0
B2016_Z3/Z3_student6956,B2016,Z3/Z3,student6956,52,21,2,False,False,False,0,0,0
B2016_Z3/Z3_student8774,B2016,Z3/Z3,student8774,52,21,2,False,False,False,0,0,0
B2016_Z3/Z3_student4628,B2016,Z3/Z3,student4628,42,17,2,False,False,False,0,0,0
B2016_Z3/Z3_student5536,B2016,Z3/Z3,student5536,42,17,2,False,False,False,0,0,0
B2016_Z3/Z3_student9318,B2016,Z3/Z3,student9318,82,33,2,False,False,False,0,0,0
B2016_Z3/Z3_student7335,B2016,Z3/Z3,student7335,42,17,2,False,False,False,0,0,0
B2016_Z3/Z3_student8006,B2016,Z3/Z3,student8006,42,17,2,False,False,False,0,0,0
B2016_Z3/Z3_student6995,B2016,Z3/Z3,student6995,52,21,2,False,False,False,0,0,0
B2016_Z3/Z3_student5244,B2016,Z3/Z3,student5244,42,17,2,False,False,False,0,0,0
B2016_Z3/Z3_student4614,B2016,Z3/Z3,student4614,52,21,2,False,False,False,0,0,0
B2016_Z3/Z3_student3386,B2016,Z3/Z3,student3386,72,29,2,False,False,False,0,0,0
B2016_Z3/Z3_student7123,B2016,Z3/Z3,student7123,42,17,2,False,False,False,0,0,0
B2016_Z3/Z3_student8576,B2016,Z3/Z3,student8576,42,17,2,False,False,False,0,0,0
B2016_Z3/Z3_student4416,B2016,Z3/Z3,student4416,52,21,2,False,False,False,0,0,0
B2016_Z3/Z3_student4370,B2016,Z3/Z3,student4370,12,5,2,False,False,False,0,0,0
B2016_Z3/Z3_student2701,B2016,Z3/Z3,student2701,42,17,2,False,False,False,0,0,0
B2016_Z3/Z3_student3594,B2016,Z3/Z3,student3594,12,5,2,False,False,False,0,0,0
B2016_Z3/Z3_student7080,B2016,Z3/Z3,student7080,62,25,2,False,False,False,0,0,0
B2016_Z3/Z3_student5867,B2016,Z3/Z3,student5867,12,5,2,False,False,False,0,0,0
B2016_Z3/Z3_student3557,B2016,Z3/Z3,student3557,42,17,2,False,False,False,0,0,0
B2016_Z3/Z3_student2675,B2016,Z3/Z3,student2675,42,17,2,False,False,False,0,0,0
B2016_Z3/Z3_student3219,B2016,Z3/Z3,student3219,62,25,2,False,False,False,0,0,0
B2016_Z3/Z3_student8199,B2016,Z3/Z3,student8199,12,5,2,False,False,False,0,0,0
B2016_Z3/Z3_student1624,B2016,Z3/Z3,student1624,12,5,2,False,False,False,0,0,0
B2016_Z3/Z3_student2477,B2016,Z3/Z3,student2477,42,17,2,False,False,False,0,0,0
B2016_Z3/Z3_student6604,B2016,Z3/Z3,student6604,52,21,2,False,False,False,0,0,0
B2016_Z3/Z3_student1180,B2016,Z3/Z3,student1180,62,25,2,False,False,False,0,0,0
B2016_Z3/Z3_student5899,B2016,Z3/Z3,student5899,12,5,2,False,False,False,0,0,0
B2016_Z3/Z3_student7678,B2016,Z3/Z3,student7678,102,41,2,False,False,False,0,0,0
B2016_Z3/Z3_student7888,B2016,Z3/Z3,student7888,62,25,2,False,False,False,0,0,0
B2016_Z3/Z3_student3350,B2016,Z3/Z3,student3350,12,5,2,False,False,False,0,0,0
B2016_Z3/Z3_student1547,B2016,Z3/Z3,student1547,42,17,2,False,False,False,0,0,0
B2016_Z3/Z3_student9325,B2016,Z3/Z3,student9325,92,37,2,False,False,False,0,0,0
B2016_Z3/Z3_student4167,B2016,Z3/Z3,student4167,62,25,2,False,False,False,0,0,0
B2016_Z3/Z3_student3634,B2016,Z3/Z3,student3634,12,5,2,False,False,False,0,0,0
B2016_Z3/Z3_student7320,B2016,Z3/Z3,student7320,42,17,2,False,False,False,0,0,0
B2016_Z3/Z3_student3807,B2016,Z3/Z3,student3807,72,29,2,False,False,False,0,0,0
B2016_Z3/Z3_student1976,B2016,Z3/Z3,student1976,42,17,2,False,False,False,0,0,0
B2016_Z3/Z3_student7485,B2016,Z3/Z3,student7485,12,5,2,False,False,False,0,0,0
B2016_Z3/Z3_student1966,B2016,Z3/Z3,student1966,42,17,2,False,False,False,0,0,0
B2016_Z3/Z3_student6953,B2016,Z3/Z3,student6953,62,25,2,False,False,False,0,0,0
B2016_Z3/Z3_student4163,B2016,Z3/Z3,student4163,42,17,2,False,False,False,0,0,0
B2016_Z3/Z3_student9447,B2016,Z3/Z3,student9447,62,25,2,False,False,False,0,0,0
B2016_Z3/Z3_student5533,B2016,Z3/Z3,student5533,62,25,2,False,False,False,0,0,0
B2016_Z3/Z3_student4639,B2016,Z3/Z3,student4639,52,21,2,False,False,False,0,0,0
B2016_Z3/Z3_student8598,B2016,Z3/Z3,student8598,42,17,2,False,False,False,0,0,0
B2016_Z3/Z3_student2704,B2016,Z3/Z3,student2704,52,21,2,False,False,False,0,0,0
B2016_Z3/Z3_student7085,B2016,Z3/Z3,student7085,62,25,2,False,False,False,0,0,0
B2016_Z3/Z3_student6364,B2016,Z3/Z3,student6364,72,29,2,False,False,False,0,0,0
B2016_Z3/Z3_student2664,B2016,Z3/Z3,student2664,52,21,2,False,False,False,0,0,0
B2016_Z3/Z3_student3546,B2016,Z3/Z3,student3546,42,17,2,False,False,False,0,0,0
B2016_Z3/Z3_student9296,B2016,Z3/Z3,student9296,42,17,2,False,False,False,0,0,0
B2016_Z3/Z3_student7293,B2016,Z3/Z3,student7293,42,17,2,False,False,False,0,0,0
B2016_Z3/Z3_student2472,B2016,Z3/Z3,student2472,62,25,2,False,False,False,0,0,0
B2016_Z3/Z3_student1146,B2016,Z3/Z3,student1146,42,17,2,False,False,False,0,0,0
B2016_Z3/Z3_student4770,B2016,Z3/Z3,student4770,72,29,2,False,False,False,0,0,0
B2016_Z3/Z3_student8638,B2016,Z3/Z3,student8638,12,5,2,False,False,False,0,0,0
B2016_Z3/Z3_student6198,B2016,Z3/Z3,student6198,42,17,2,False,False,False,0,0,0
B2016_Z3/Z3_student5122,B2016,Z3/Z3,student5122,42,17,2,False,False,False,0,0,0
B2016_Z3/Z3_student7735,B2016,Z3/Z3,student7735,12,5,2,False,False,False,0,0,0
B2016_Z3/Z3_student1422,B2016,Z3/Z3,student1422,42,17,2,False,False,False,0,0,0
B2016_Z3/Z3_student2117,B2016,Z3/Z3,student2117,12,5,2,False,False,False,0,0,0
B2016_Z3/Z3_student4599,B2016,Z3/Z3,student4599,82,33,2,False,False,False,0,0,0
B2016_Z3/Z3_student9095,B2016,Z3/Z3,student9095,52,21,2,False,False,False,0,0,0
B2016_Z3/Z3_student5863,B2016,Z3/Z3,student5863,72,29,2,False,False,False,0,0,0
B2016_Z3/Z3_student1542,B2016,Z3/Z3,student1542,72,29,2,False,False,False,0,0,0
B2016_Z3/Z3_student7655,B2016,Z3/Z3,student7655,12,5,2,False,False,False,0,0,0
B2016_Z3/Z3_student4412,B2016,Z3/Z3,student4412,62,25,2,False,False,False,0,0,0
B2016_Z3/Z3_student1581,B2016,Z3/Z3,student1581,12,5,2,False,False,False,0,0,0
B2016_Z3/Z3_student2922,B2016,Z3/Z3,student2922,62,25,2,False,False,False,0,0,0
B2016_Z3/Z3_student8599,B2016,Z3/Z3,student8599,42,17,2,False,False,False,0,0,0
B2016_Z3/Z3_student3631,B2016,Z3/Z3,student3631,42,17,2,False,False,False,0,0,0
B2016_Z3/Z3_student7457,B2016,Z3/Z3,student7457,12,5,2,False,False,False,0,0,0
B2016_Z3/Z3_student2513,B2016,Z3/Z3,student2513,52,21,2,False,False,False,0,0,0
B2016_Z3/Z3_student6007,B2016,Z3/Z3,student6007,52,21,2,False,False,False,0,0,0
B2016_Z3/Z3_student5268,B2016,Z3/Z3,student5268,12,5,2,False,False,False,0,0,0
B2016_Z3/Z3_student5297,B2016,Z3/Z3,student5297,62,25,2,False,False,False,0,0,0
B2016_Z3/Z3_student8957,B2016,Z3/Z3,student8957,42,17,2,False,False,False,0,0,0
B2016_Z3/Z3_student2908,B2016,Z3/Z3,student2908,12,5,2,False,False,False,0,0,0
B2016_Z3/Z3_student5915,B2016,Z3/Z3,student5915,52,21,2,False,False,False,0,0,0
B2016_Z3/Z3_student4389,B2016,Z3/Z3,student4389,42,17,2,False,False,False,0,0,0
B2016_Z3/Z3_student7119,B2016,Z3/Z3,student7119,52,21,2,False,False,False,0,0,0
B2016_Z3/Z3_student7125,B2016,Z3/Z3,student7125,42,17,2,False,False,False,0,0,0
B2016_Z3/Z3_student7643,B2016,Z3/Z3,student7643,92,37,2,False,False,False,0,0,0
B2016_Z3/Z3_student3425,B2016,Z3/Z3,student3425,12,5,2,False,False,False,0,0,0
B2016_Z3/Z3_student8389,B2016,Z3/Z3,student8389,62,25,2,False,False,False,0,0,0
B2016_Z3/Z3_student9097,B2016,Z3/Z3,student9097,42,17,2,False,False,False,0,0,0
B2016_Z3/Z3_student6824,B2016,Z3/Z3,student6824,42,17,2,False,False,False,0,0,0
B2016_Z3/Z3_student3790,B2016,Z3/Z3,student3790,42,17,2,False,False,False,0,0,0
B2016_Z3/Z3_student9524,B2016,Z3/Z3,student9524,52,21,2,False,False,False,0,0,0
B2016_Z3/Z3_student3009,B2016,Z3/Z3,student3009,52,21,2,False,False,False,0,0,0
B2016_Z3/Z3_student4766,B2016,Z3/Z3,student4766,52,21,2,False,False,False,0,0,0
B2016_Z3/Z3_student4982,B2016,Z3/Z3,student4982,12,5,2,False,False,False,0,0,0
B2016_Z3/Z3_student2464,B2016,Z3/Z3,student2464,42,17,2,False,False,False,0,0,0
B2016_Z3/Z3_student1192,B2016,Z3/Z3,student1192,12,5,2,False,False,False,0,0,0
B2016_Z3/Z3_student8363,B2016,Z3/Z3,student8363,62,25,2,False,False,False,0,0,0
B2016_Z3/Z3_student2896,B2016,Z3/Z3,student2896,52,21,2,False,False,False,0,0,0
B2016_Z3/Z3_student1390,B2016,Z3/Z3,student1390,42,17,2,False,False,False,0,0,0
B2016_Z3/Z3_student5860,B2016,Z3/Z3,student5860,12,5,2,False,False,False,0,0,0
B2016_Z3/Z3_student7911,B2016,Z3/Z3,student7911,102,41,2,False,False,False,0,0,0
B2016_Z3/Z3_student3424,B2016,Z3/Z3,student3424,62,25,2,False,False,False,0,0,0
B2016_Z3/Z3_student4377,B2016,Z3/Z3,student4377,42,17,2,False,False,False,0,0,0
B2016_Z3/Z3_student9451,B2016,Z3/Z3,student9451,42,17,2,False,False,False,0,0,0
B2016_Z3/Z3_student8029,B2016,Z3/Z3,student8029,52,21,2,False,False,False,0,0,0
B2016_Z3/Z3_student6010,B2016,Z3/Z3,student6010,42,17,2,False,False,False,0,0,0
B2016_Z3/Z3_student6776,B2016,Z3/Z3,student6776,52,21,2,False,False,False,0,0,0
B2016_Z3/Z3_student5581,B2016,Z3/Z3,student5581,72,29,2,False,False,False,0,0,0
B2016_Z3/Z3_student3872,B2016,Z3/Z3,student3872,42,17,2,False,False,False,0,0,0
B2016_Z3/Z3_student3133,B2016,Z3/Z3,student3133,12,5,2,False,False,False,0,0,0
B2016_Z3/Z3_student5542,B2016,Z3/Z3,student5542,42,17,2,False,False,False,0,0,0
B2016_Z3/Z3_student3899,B2016,Z3/Z3,student3899,52,21,2,False,False,False,0,0,0
B2016_Z3/Z3_student7341,B2016,Z3/Z3,student7341,52,21,2,False,False,False,0,0,0
B2016_Z3/Z3_student7180,B2016,Z3/Z3,student7180,12,5,2,False,False,False,0,0,0
B2016_Z3/Z3_student7802,B2016,Z3/Z3,student7802,52,21,2,False,False,False,0,0,0
B2016_Z3/Z3_student3331,B2016,Z3/Z3,student3331,72,29,2,False,False,False,0,0,0
B2016_Z3/Z3_student8264,B2016,Z3/Z3,student8264,12,5,2,False,False,False,0,0,0
B2016_Z3/Z3_student6507,B2016,Z3/Z3,student6507,42,17,2,False,False,False,0,0,0
B2016_Z3/Z3_student5185,B2016,Z3/Z3,student5185,42,17,2,False,False,False,0,0,0
B2016_Z3/Z3_student1446,B2016,Z3/Z3,student1446,12,5,2,False,False,False,0,0,0
B2016_Z3/Z3_student9998,B2016,Z3/Z3,student9998,62,25,2,False,False,False,0,0,0
B2016_Z3/Z3_student3047,B2016,Z3/Z3,student3047,72,29,2,False,False,False,0,0,0
B2016_Z3/Z3_student5378,B2016,Z3/Z3,student5378,12,5,2,False,False,False,0,0,0
B2016_Z3/Z3_student2371,B2016,Z3/Z3,student2371,52,21,2,False,False,False,0,0,0
B2016_Z3/Z3_student2364,B2016,Z3/Z3,student2364,42,17,2,False,False,False,0,0,0
B2016_Z3/Z3_student5345,B2016,Z3/Z3,student5345,62,25,2,False,False,False,0,0,0
B2016_Z3/Z3_student8846,B2016,Z3/Z3,student8846,42,17,2,False,False,False,0,0,0
B2016_Z3/Z3_student1453,B2016,Z3/Z3,student1453,12,5,2,False,False,False,0,0,0
B2016_Z3/Z3_student7977,B2016,Z3/Z3,student7977,12,5,2,False,False,False,0,0,0
B2016_Z3/Z3_student9972,B2016,Z3/Z3,student9972,62,25,2,False,False,False,0,0,0
B2016_Z3/Z3_student3442,B2016,Z3/Z3,student3442,92,37,2,False,False,False,0,0,0
B2016_Z3/Z3_student6248,B2016,Z3/Z3,student6248,42,17,2,False,False,False,0,0,0
B2016_Z3/Z3_student5741,B2016,Z3/Z3,student5741,42,17,2,False,False,False,0,0,0
B2016_Z3/Z3_student2953,B2016,Z3/Z3,student2953,17,7,4,False,False,False,0,0,0
B2016_Z3/Z3_student7368,B2016,Z3/Z3,student7368,62,25,2,False,False,False,0,0,0
B2016_Z3/Z3_student2210,B2016,Z3/Z3,student2210,52,21,2,False,False,False,0,0,0
B2016_Z3/Z3_student1725,B2016,Z3/Z3,student1725,12,5,2,False,False,False,0,0,0
B2016_Z3/Z3_student4852,B2016,Z3/Z3,student4852,92,37,2,False,False,False,0,0,0
B2016_Z3/Z3_student6706,B2016,Z3/Z3,student6706,12,5,2,False,False,False,0,0,0
B2016_Z3/Z3_student2574,B2016,Z3/Z3,student2574,42,17,2,False,False,False,0,0,0
B2016_Z3/Z3_student3483,B2016,Z3/Z3,student3483,42,17,2,False,False,False,0,0,0
B2016_Z3/Z3_student7197,B2016,Z3/Z3,student7197,12,5,2,False,False,False,0,0,0
B2016_Z3/Z3_student7791,B2016,Z3/Z3,student7791,72,29,2,False,False,False,0,0,0
B2016_Z3/Z3_student5804,B2016,Z3/Z3,student5804,12,5,2,False,False,False,0,0,0
B2016_Z3/Z3_student6458,B2016,Z3/Z3,student6458,12,5,2,False,False,False,0,0,0
B2016_Z3/Z3_student4273,B2016,Z3/Z3,student4273,62,25,2,False,False,False,0,0,0
B2016_Z3/Z3_student3736,B2016,Z3/Z3,student3736,42,17,2,False,False,False,0,0,0
B2016_Z3/Z3_student8139,B2016,Z3/Z3,student8139,72,29,2,False,False,False,0,0,0
B2016_Z3/Z3_student8886,B2016,Z3/Z3,student8886,42,17,2,False,False,False,0,0,0
B2016_Z3/Z3_student8110,B2016,Z3/Z3,student8110,52,21,2,False,False,False,0,0,0
B2016_Z3/Z3_student5420,B2016,Z3/Z3,student5420,12,5,2,False,False,False,0,0,0
B2016_Z3/Z3_student1120,B2016,Z3/Z3,student1120,12,5,2,False,False,False,0,0,0
B2016_Z3/Z3_student6303,B2016,Z3/Z3,student6303,52,21,2,False,False,False,0,0,0
B2016_Z3/Z3_student5636,B2016,Z3/Z3,student5636,42,17,2,False,False,False,0,0,0
B2016_Z3/Z3_student1336,B2016,Z3/Z3,student1336,42,17,2,False,False,False,0,0,0
B2016_Z3/Z3_student3535,B2016,Z3/Z3,student3535,42,17,2,False,False,False,0,0,0
B2016_Z3/Z3_student5805,B2016,Z3/Z3,student5805,42,17,2,False,False,False,0,0,0
B2016_Z3/Z3_student2830,B2016,Z3/Z3,student2830,42,17,2,False,False,False,0,0,0
B2016_Z3/Z3_student7948,B2016,Z3/Z3,student7948,42,17,2,False,False,False,0,0,0
B2016_Z3/Z3_student1518,B2016,Z3/Z3,student1518,12,5,2,False,False,False,0,0,0
B2016_Z3/Z3_student9352,B2016,Z3/Z3,student9352,42,17,2,False,False,False,0,0,0
B2016_Z3/Z3_student6707,B2016,Z3/Z3,student6707,42,17,2,False,False,False,0,0,0
B2016_Z3/Z3_student5226,B2016,Z3/Z3,student5226,12,5,2,False,False,False,0,0,0
B2016_Z3/Z3_student6049,B2016,Z3/Z3,student6049,42,17,2,False,False,False,0,0,0
B2016_Z3/Z3_student7425,B2016,Z3/Z3,student7425,52,21,2,False,False,False,0,0,0
B2016_Z3/Z3_student9385,B2016,Z3/Z3,student9385,52,21,2,False,False,False,0,0,0
B2016_Z3/Z3_student9391,B2016,Z3/Z3,student9391,42,17,2,False,False,False,0,0,0
B2016_Z3/Z3_student1915,B2016,Z3/Z3,student1915,12,5,2,False,False,False,0,0,0
B2016_Z3/Z3_student6924,B2016,Z3/Z3,student6924,52,21,2,False,False,False,0,0,0
B2016_Z3/Z3_student7421,B2016,Z3/Z3,student7421,12,5,2,False,False,False,0,0,0
B2016_Z3/Z3_student5236,B2016,Z3/Z3,student5236,12,5,2,False,False,False,0,0,0
B2016_Z3/Z3_student4128,B2016,Z3/Z3,student4128,52,21,2,False,False,False,0,0,0
B2016_Z3/Z3_student1044,B2016,Z3/Z3,student1044,12,5,2,False,False,False,0,0,0
B2016_Z3/Z3_student7810,B2016,Z3/Z3,student7810,42,17,2,False,False,False,0,0,0
B2016_Z3/Z3_student5961,B2016,Z3/Z3,student5961,20,9,5,False,False,False,0,0,0
B2016_Z3/Z3_student1534,B2016,Z3/Z3,student1534,52,21,2,False,False,False,0,0,0
B2016_Z3/Z3_student7970,B2016,Z3/Z3,student7970,12,5,2,False,False,False,0,0,0
B2016_Z3/Z3_student9949,B2016,Z3/Z3,student9949,62,25,2,False,False,False,0,0,0
B2016_Z3/Z3_student1483,B2016,Z3/Z3,student1483,12,5,2,False,False,False,0,0,0
B2016_Z3/Z3_student5829,B2016,Z3/Z3,student5829,42,17,2,False,False,False,0,0,0
B2016_Z3/Z3_student1468,B2016,Z3/Z3,student1468,52,21,2,False,False,False,0,0,0
B2016_Z3/Z3_student5140,B2016,Z3/Z3,student5140,52,21,2,False,False,False,0,0,0
B2016_Z3/Z3_student1326,B2016,Z3/Z3,student1326,12,5,2,False,False,False,0,0,0
B2016_Z3/Z3_student5154,B2016,Z3/Z3,student5154,42,17,2,False,False,False,0,0,0
B2016_Z3/Z3_student3900,B2016,Z3/Z3,student3900,42,17,2,False,False,False,0,0,0
B2016_Z3/Z3_student8100,B2016,Z3/Z3,student8100,42,17,2,False,False,False,0,0,0
B2016_Z3/Z3_student7540,B2016,Z3/Z3,student7540,72,29,2,False,False,False,0,0,0
B2016_Z3/Z3_student3732,B2016,Z3/Z3,student3732,72,29,2,False,False,False,0,0,0
B2016_Z3/Z3_student7597,B2016,Z3/Z3,student7597,72,29,2,False,False,False,0,0,0
B2016_Z3/Z3_student8854,B2016,Z3/Z3,student8854,42,17,2,False,False,False,0,0,0
B2016_Z3/Z3_student8317,B2016,Z3/Z3,student8317,12,5,2,False,False,False,0,0,0
B2016_Z3/Z3_student2148,B2016,Z3/Z3,student2148,42,17,2,False,False,False,0,0,0
B2016_Z3/Z3_student2160,B2016,Z3/Z3,student2160,52,21,2,False,False,False,0,0,0
B2016_Z3/Z3_student2821,B2016,Z3/Z3,student2821,42,17,2,False,False,False,0,0,0
B2016_Z3/Z3_student1482,B2016,Z3/Z3,student1482,12,5,2,False,False,False,0,0,0
B2016_Z3/Z3_student5800,B2016,Z3/Z3,student5800,52,21,2,False,False,False,0,0,0
B2016_Z3/Z3_student4471,B2016,Z3/Z3,student4471,82,33,2,False,False,False,0,0,0
B2016_Z3/Z3_student7193,B2016,Z3/Z3,student7193,62,25,2,False,False,False,0,0,0
B2016_Z3/Z3_student2941,B2016,Z3/Z3,student2941,62,25,2,False,False,False,0,0,0
B2016_Z3/Z3_student8288,B2016,Z3/Z3,student8288,42,17,2,False,False,False,0,0,0
B2016_Z3/Z3_student7346,B2016,Z3/Z3,student7346,42,17,2,False,False,False,0,0,0
B2016_Z3/Z3_student3108,B2016,Z3/Z3,student3108,42,17,2,False,False,False,0,0,0
B2016_Z3/Z3_student1938,B2016,Z3/Z3,student1938,52,21,2,False,False,False,0,0,0
B2016_Z3/Z3_student5592,B2016,Z3/Z3,student5592,82,33,2,False,False,False,0,0,0
B2016_Z3/Z3_student4659,B2016,Z3/Z3,student4659,42,17,2,False,False,False,0,0,0
B2016_Z3/Z3_student3136,B2016,Z3/Z3,student3136,12,5,2,False,False,False,0,0,0
B2016_Z3/Z3_student3485,B2016,Z3/Z3,student3485,12,5,2,False,False,False,0,0,0
B2016_Z3/Z3_student6516,B2016,Z3/Z3,student6516,62,25,2,False,False,False,0,0,0
B2016_Z3/Z3_student4473,B2016,Z3/Z3,student4473,42,17,2,False,False,False,0,0,0
B2016_Z3/Z3_student3320,B2016,Z3/Z3,student3320,42,17,2,False,False,False,0,0,0
B2016_Z3/Z3_student1494,B2016,Z3/Z3,student1494,42,17,2,False,False,False,0,0,0
B2016_Z3/Z3_student8329,B2016,Z3/Z3,student8329,42,17,2,False,False,False,0,0,0
B2016_Z3/Z3_student6462,B2016,Z3/Z3,student6462,42,17,2,False,False,False,0,0,0
B2016_Z3/Z3_student2406,B2016,Z3/Z3,student2406,12,5,2,False,False,False,0,0,0
B2016_Z3/Z3_student8665,B2016,Z3/Z3,student8665,82,33,2,False,False,False,0,0,0
B2016_Z3/Z3_student1132,B2016,Z3/Z3,student1132,42,17,2,False,False,False,0,0,0
B2016_Z3/Z3_student3719,B2016,Z3/Z3,student3719,42,17,2,False,False,False,0,0,0
B2016_Z3/Z3_student5397,B2016,Z3/Z3,student5397,12,5,2,False,False,False,0,0,0
B2016_Z3/Z3_student1324,B2016,Z3/Z3,student1324,42,17,2,False,False,False,0,0,0
B2016_Z3/Z3_student7755,B2016,Z3/Z3,student7755,42,17,2,False,False,False,0,0,0
B2016_Z3/Z3_student5624,B2016,Z3/Z3,student5624,62,25,2,False,False,False,0,0,0
B2016_Z3/Z3_student6259,B2016,Z3/Z3,student6259,22,9,2,False,False,False,0,0,0
B2016_Z3/Z3_student1522,B2016,Z3/Z3,student1522,42,17,2,False,False,False,0,0,0
B2016_Z3/Z3_student7153,B2016,Z3/Z3,student7153,52,21,2,False,False,False,0,0,0
B2016_Z3/Z3_student5744,B2016,Z3/Z3,student5744,42,17,2,False,False,False,0,0,0
B2016_Z3/Z3_student9624,B2016,Z3/Z3,student9624,82,33,2,False,False,False,0,0,0
B2016_Z3/Z3_student2956,B2016,Z3/Z3,student2956,42,17,2,False,False,False,0,0,0
B2016_Z3/Z3_student2567,B2016,Z3/Z3,student2567,52,21,2,False,False,False,0,0,0
B2016_Z3/Z3_student9340,B2016,Z3/Z3,student9340,42,17,2,False,False,False,0,0,0
B2016_Z3/Z3_student7386,B2016,Z3/Z3,student7386,52,21,2,False,False,False,0,0,0
B2016_Z3/Z3_student7392,B2016,Z3/Z3,student7392,92,37,2,False,False,False,0,0,0
B2016_Z3/Z3_student8089,B2016,Z3/Z3,student8089,42,17,2,False,False,False,0,0,0
B2016_Z3/Z3_student8923,B2016,Z3/Z3,student8923,72,29,2,False,False,False,0,0,0
B2016_Z3/Z3_student4682,B2016,Z3/Z3,student4682,12,5,2,False,False,False,0,0,0
B2016_Z3/Z3_student2230,B2016,Z3/Z3,student2230,62,25,2,False,False,False,0,0,0
B2016_Z3/Z3_student2967,B2016,Z3/Z3,student2967,20,9,5,False,False,False,0,0,0
B2016_Z3/Z3_student7823,B2016,Z3/Z3,student7823,52,21,2,False,False,False,0,0,0
B2016_Z3/Z3_student7162,B2016,Z3/Z3,student7162,82,33,2,False,False,False,0,0,0
B2016_Z3/Z3_student9601,B2016,Z3/Z3,student9601,12,5,2,False,False,False,0,0,0
B2016_Z3/Z3_student7980,B2016,Z3/Z3,student7980,42,17,2,False,False,False,0,0,0
B2016_Z3/Z3_student1329,B2016,Z3/Z3,student1329,52,21,2,False,False,False,0,0,0
B2016_Z3/Z3_student3258,B2016,Z3/Z3,student3258,42,17,2,False,False,False,0,0,0
B2016_Z3/Z3_student8319,B2016,Z3/Z3,student8319,42,17,2,False,False,False,0,0,0
B2016_Z3/Z3_student2634,B2016,Z3/Z3,student2634,92,37,2,False,False,False,0,0,0
B2016_Z3/Z3_student6877,B2016,Z3/Z3,student6877,12,5,2,False,False,False,0,0,0
B2016_Z3/Z3_student8133,B2016,Z3/Z3,student8133,62,25,2,False,False,False,0,0,0
B2016_Z3/Z3_student1671,B2016,Z3/Z3,student1671,62,25,2,False,False,False,0,0,0
B2016_Z3/Z3_student5403,B2016,Z3/Z3,student5403,52,21,2,False,False,False,0,0,0
B2016_Z3/Z3_student2437,B2016,Z3/Z3,student2437,52,21,2,False,False,False,0,0,0
B2016_Z3/Z3_student5358,B2016,Z3/Z3,student5358,52,21,2,False,False,False,0,0,0
B2016_Z3/Z3_student2351,B2016,Z3/Z3,student2351,42,17,2,False,False,False,0,0,0
B2016_Z3/Z3_student9238,B2016,Z3/Z3,student9238,52,21,2,False,False,False,0,0,0
B2016_Z3/Z3_student5370,B2016,Z3/Z3,student5370,42,17,2,False,False,False,0,0,0
B2016_Z3/Z3_student3701,B2016,Z3/Z3,student3701,52,21,2,False,False,False,0,0,0
B2016_Z3/Z3_student9589,B2016,Z3/Z3,student9589,12,5,2,False,False,False,0,0,0
B2016_Z3/Z3_student6321,B2016,Z3/Z3,student6321,52,21,2,False,False,False,0,0,0
B2016_Z3/Z3_student1466,B2016,Z3/Z3,student1466,42,17,2,False,False,False,0,0,0
B2016_Z3/Z3_student5172,B2016,Z3/Z3,student5172,62,25,2,False,False,False,0,0,0
B2016_Z3/Z3_student6484,B2016,Z3/Z3,student6484,22,9,2,False,False,False,0,0,0
B2016_Z3/Z3_student2806,B2016,Z3/Z3,student2806,12,5,2,False,False,False,0,0,0
B2016_Z3/Z3_student2755,B2016,Z3/Z3,student2755,42,17,2,True,False,True,1,0,1
B2016_Z3/Z3_student6255,B2016,Z3/Z3,student6255,82,33,2,False,False,False,0,0,0
B2016_Z3/Z3_student4495,B2016,Z3/Z3,student4495,42,17,2,False,False,False,0,0,0
B2016_Z3/Z3_student1738,B2016,Z3/Z3,student1738,52,21,2,False,False,False,0,0,0
B2016_Z3/Z3_student9358,B2016,Z3/Z3,student9358,52,21,2,False,False,False,0,0,0
B2016_Z3/Z3_student5562,B2016,Z3/Z3,student5562,42,17,2,False,False,False,0,0,0
B2016_Z3/Z3_student8085,B2016,Z3/Z3,student8085,72,29,2,False,False,False,0,0,0
B2016_Z3/Z3_student4124,B2016,Z3/Z3,student4124,62,25,2,False,False,False,0,0,0
B2016_Z3/Z3_student5789,B2016,Z3/Z3,student5789,52,21,2,False,False,False,0,0,0
B2016_Z3/Z3_student7834,B2016,Z3/Z3,student7834,42,17,2,False,False,False,0,0,0
B2016_Z3/Z3_student3313,B2016,Z3/Z3,student3313,52,21,2,False,False,False,0,0,0
B2016_Z3/Z3_student9945,B2016,Z3/Z3,student9945,12,5,2,False,False,False,0,0,0
B2016_Z3/Z3_student7773,B2016,Z3/Z3,student7773,12,5,2,False,False,False,0,0,0
B2016_Z3/Z3_student1302,B2016,Z3/Z3,student1302,52,21,2,False,False,False,0,0,0
B2016_Z3/Z3_student3515,B2016,Z3/Z3,student3515,12,5,2,False,False,False,0,0,0
B2016_Z3/Z3_student7001,B2016,Z3/Z3,student7001,52,21,2,False,False,False,0,0,0
B2016_Z3/Z3_student5170,B2016,Z3/Z3,student5170,42,17,2,False,False,False,0,0,0
B2016_Z3/Z3_student6874,B2016,Z3/Z3,student6874,42,17,2,False,False,False,0,0,0
B2016_Z3/Z3_student6109,B2016,Z3/Z3,student6109,42,17,2,False,False,False,0,0,0
B2016_Z3/Z3_student3071,B2016,Z3/Z3,student3071,62,25,2,False,False,False,0,0,0
B2016_Z3/Z3_student3717,B2016,Z3/Z3,student3717,42,17,2,False,False,False,0,0,0
B2016_Z3/Z3_student5366,B2016,Z3/Z3,student5366,12,5,2,False,False,False,0,0,0
B2016_Z3/Z3_student8118,B2016,Z3/Z3,student8118,62,25,2,False,False,False,0,0,0
B2016_Z3/Z3_student2421,B2016,Z3/Z3,student2421,52,21,2,False,False,False,0,0,0
B2016_Z3/Z3_student6121,B2016,Z3/Z3,student6121,42,17,2,False,False,False,0,0,0
B2016_Z3/Z3_student4736,B2016,Z3/Z3,student4736,42,17,2,False,False,False,0,0,0
B2016_Z3/Z3_student9207,B2016,Z3/Z3,student9207,12,5,2,False,False,False,0,0,0
B2016_Z3/Z3_student8119,B2016,Z3/Z3,student8119,12,5,2,False,False,False,0,0,0
B2016_Z3/Z3_student3925,B2016,Z3/Z3,student3925,52,21,2,False,False,False,0,0,0
B2016_Z3/Z3_student8864,B2016,Z3/Z3,student8864,52,21,2,False,False,False,0,0,0
B2016_Z3/Z3_student4253,B2016,Z3/Z3,student4253,42,17,2,False,False,False,0,0,0
B2016_Z3/Z3_student1317,B2016,Z3/Z3,student1317,52,21,2,False,False,False,0,0,0
B2016_Z3/Z3_student1303,B2016,Z3/Z3,student1303,42,17,2,False,False,False,0,0,0
B2016_Z3/Z3_student1465,B2016,Z3/Z3,student1465,52,21,2,False,False,False,0,0,0
B2016_Z3/Z3_student5603,B2016,Z3/Z3,student5603,12,5,2,False,False,False,0,0,0
B2016_Z3/Z3_student5830,B2016,Z3/Z3,student5830,42,17,2,False,False,False,0,0,0
B2016_Z3/Z3_student4290,B2016,Z3/Z3,student4290,62,25,2,False,False,False,0,0,0
B2016_Z3/Z3_student8521,B2016,Z3/Z3,student8521,42,17,2,False,False,False,0,0,0
B2016_Z3/Z3_student1263,B2016,Z3/Z3,student1263,42,17,2,False,False,False,0,0,0
B2016_Z3/Z3_student3306,B2016,Z3/Z3,student3306,82,33,2,False,False,False,0,0,0
B2016_Z3/Z3_student4469,B2016,Z3/Z3,student4469,52,21,2,False,False,False,0,0,0
B2016_Z3/Z3_student2959,B2016,Z3/Z3,student2959,12,5,2,False,False,False,0,0,0
B2016_Z3/Z3_student2965,B2016,Z3/Z3,student2965,72,29,2,False,False,False,0,0,0
B2016_Z3/Z3_student2232,B2016,Z3/Z3,student2232,42,17,2,False,False,False,0,0,0
B2016_Z3/Z3_student6040,B2016,Z3/Z3,student6040,42,17,2,False,False,False,0,0,0
B2016_Z3/Z3_student7438,B2016,Z3/Z3,student7438,12,5,2,False,False,False,0,0,0
B2016_Z3/Z3_student8051,B2016,Z3/Z3,student8051,82,33,2,False,False,False,0,0,0
B2016_Z3/Z3_student3841,B2016,Z3/Z3,student3841,52,21,2,False,False,False,0,0,0
B2016_Z3/Z3_student9388,B2016,Z3/Z3,student9388,42,17,2,False,False,False,0,0,0
B2016_Z3/Z3_student8069,B2016,Z3/Z3,student8069,12,5,2,False,False,False,0,0,0
B2016_Z3/Z3_student4647,B2016,Z3/Z3,student4647,42,17,2,False,False,False,0,0,0
B2016_Z3/Z3_student3666,B2016,Z3/Z3,student3666,12,5,2,False,False,False,0,0,0
B2016_Z3/Z3_student8055,B2016,Z3/Z3,student8055,12,5,2,False,False,False,0,0,0
B2016_Z3/Z3_student2949,B2016,Z3/Z3,student2949,231,101,7,False,False,False,0,0,0
B2016_Z3/Z3_student6534,B2016,Z3/Z3,student6534,42,17,2,False,False,False,0,0,0
B2016_Z3/Z3_student5015,B2016,Z3/Z3,student5015,42,17,2,False,False,False,0,0,0
B2016_Z3/Z3_student7616,B2016,Z3/Z3,student7616,52,21,2,False,False,False,0,0,0
B2016_Z3/Z3_student4280,B2016,Z3/Z3,student4280,52,21,2,False,False,False,0,0,0
B2016_Z3/Z3_student5834,B2016,Z3/Z3,student5834,52,21,2,False,False,False,0,0,0
B2016_Z3/Z3_student6332,B2016,Z3/Z3,student6332,42,17,2,False,False,False,0,0,0
B2016_Z3/Z3_student1307,B2016,Z3/Z3,student1307,82,33,2,False,False,False,0,0,0
B2016_Z3/Z3_student6468,B2016,Z3/Z3,student6468,20,9,5,False,False,False,0,0,0
B2016_Z3/Z3_student1313,B2016,Z3/Z3,student1313,62,25,2,False,False,False,0,0,0
B2016_Z3/Z3_student9029,B2016,Z3/Z3,student9029,12,5,2,False,False,False,0,0,0
B2016_Z3/Z3_student8337,B2016,Z3/Z3,student8337,12,5,2,False,False,False,0,0,0
B2016_Z3/Z3_student4082,B2016,Z3/Z3,student4082,12,5,2,False,False,False,0,0,0
B2016_Z3/Z3_student8860,B2016,Z3/Z3,student8860,42,17,2,False,False,False,0,0,0
B2016_Z3/Z3_student6656,B2016,Z3/Z3,student6656,42,17,2,False,False,False,0,0,0
B2016_Z3/Z3_student1110,B2016,Z3/Z3,student1110,52,21,2,False,False,False,0,0,0
B2016_Z3/Z3_student1845,B2016,Z3/Z3,student1845,12,5,2,False,False,False,0,0,0
B2016_Z3/Z3_student8444,B2016,Z3/Z3,student8444,42,17,2,False,False,False,0,0,0
B2016_Z3/Z3_student2155,B2016,Z3/Z3,student2155,52,21,2,False,False,False,0,0,0
B2016_Z3/Z3_student8524,B2016,Z3/Z3,student8524,12,5,2,False,False,False,0,0,0
B2016_Z3/Z3_student1266,B2016,Z3/Z3,student1266,42,17,2,False,False,False,0,0,0
B2016_Z3/Z3_student7165,B2016,Z3/Z3,student7165,12,5,2,False,False,False,0,0,0
B2016_Z3/Z3_student8518,B2016,Z3/Z3,student8518,52,21,2,False,False,False,0,0,0
B2016_Z3/Z3_student9160,B2016,Z3/Z3,student9160,52,21,2,False,False,False,0,0,0
B2016_Z3/Z3_student9821,B2016,Z3/Z3,student9821,82,33,2,False,False,False,0,0,0
B2016_Z3/Z3_student8295,B2016,Z3/Z3,student8295,12,5,2,False,False,False,0,0,0
B2016_Z3/Z3_student7830,B2016,Z3/Z3,student7830,42,17,2,False,False,False,0,0,0
B2016_Z3/Z3_student3673,B2016,Z3/Z3,student3673,42,17,2,False,False,False,0,0,0
B2016_Z3/Z3_student9438,B2016,Z3/Z3,student9438,12,5,2,False,False,False,0,0,0
B2016_Z3/Z3_student4108,B2016,Z3/Z3,student4108,52,21,2,False,False,False,0,0,0
B2016_Z3/Z3_student7429,B2016,Z3/Z3,student7429,42,17,2,False,False,False,0,0,0
B2016_Z3/Z3_student6723,B2016,Z3/Z3,student6723,12,5,2,False,False,False,0,0,0
B2016_Z3/Z3_student2586,B2016,Z3/Z3,student2586,72,29,2,False,False,False,0,0,0
B2016_Z3/Z3_student3856,B2016,Z3/Z3,student3856,62,25,2,False,False,False,0,0,0
B2016_Z3/Z3_student4863,B2016,Z3/Z3,student4863,42,17,2,False,False,False,0,0,0
B2016_Z3/Z3_student2553,B2016,Z3/Z3,student2553,42,17,2,False,False,False,0,0,0
B2016_Z3/Z3_student6053,B2016,Z3/Z3,student6053,42,17,2,False,False,False,0,0,0
B2016_Z3/Z3_student4888,B2016,Z3/Z3,student4888,12,5,2,False,False,False,0,0,0
B2016_Z3/Z3_student2221,B2016,Z3/Z3,student2221,20,9,5,False,False,False,0,0,0
B2016_Z3/Z3_student2547,B2016,Z3/Z3,student2547,52,21,2,False,False,False,0,0,0
B2016_Z3/Z3_student8724,B2016,Z3/Z3,student8724,12,5,2,False,False,False,0,0,0
B2016_Z3/Z3_student1066,B2016,Z3/Z3,student1066,12,5,2,False,False,False,0,0,0
B2016_Z3/Z3_student3671,B2016,Z3/Z3,student3671,42,17,2,False,False,False,0,0,0
B2016_Z3/Z3_student5957,B2016,Z3/Z3,student5957,12,5,2,False,False,False,0,0,0
B2016_Z3/Z3_student9823,B2016,Z3/Z3,student9823,72,29,2,False,False,False,0,0,0
B2016_Z3/Z3_student3329,B2016,Z3/Z3,student3329,52,21,2,False,False,False,0,0,0
B2016_Z3/Z3_student4320,B2016,Z3/Z3,student4320,62,25,2,False,False,False,0,0,0
B2016_Z3/Z3_student7173,B2016,Z3/Z3,student7173,22,9,2,False,False,False,0,0,0
B2016_Z3/Z3_student1502,B2016,Z3/Z3,student1502,12,5,2,False,False,False,0,0,0
B2016_Z3/Z3_student3315,B2016,Z3/Z3,student3315,12,5,2,False,False,False,0,0,0
B2016_Z3/Z3_student8532,B2016,Z3/Z3,student8532,42,17,2,False,False,False,0,0,0
B2016_Z3/Z3_student5770,B2016,Z3/Z3,student5770,12,5,2,False,False,False,0,0,0
B2016_Z3/Z3_student3301,B2016,Z3/Z3,student3301,42,17,2,False,False,False,0,0,0
B2016_Z3/Z3_student7985,B2016,Z3/Z3,student7985,12,5,2,False,False,False,0,0,0
B2016_Z3/Z3_student4526,B2016,Z3/Z3,student4526,52,21,2,False,False,False,0,0,0
B2016_Z3/Z3_student2157,B2016,Z3/Z3,student2157,12,5,2,False,False,False,0,0,0
B2016_Z3/Z3_student1476,B2016,Z3/Z3,student1476,52,21,2,False,False,False,0,0,0
B2016_Z3/Z3_student5162,B2016,Z3/Z3,student5162,42,17,2,False,False,False,0,0,0
B2016_Z3/Z3_student4095,B2016,Z3/Z3,student4095,52,21,2,False,False,False,0,0,0
B2016_Z3/Z3_student8863,B2016,Z3/Z3,student8863,12,5,2,False,False,False,0,0,0
B2016_Z3/Z3_student4903,B2016,Z3/Z3,student4903,42,17,2,False,False,False,0,0,0
B2016_Z3/Z3_student5412,B2016,Z3/Z3,student5412,52,21,2,False,False,False,0,0,0
B2016_Z3/Z3_student3711,B2016,Z3/Z3,student3711,82,33,2,False,False,False,0,0,0
B2016_Z3/Z3_student5413,B2016,Z3/Z3,student5413,62,25,2,False,False,False,0,0,0
B2016_Z3/Z3_student4043,B2016,Z3/Z3,student4043,42,17,2,False,False,False,0,0,0
B2016_Z3/Z3_student4057,B2016,Z3/Z3,student4057,52,21,2,False,False,False,0,0,0
B2016_Z3/Z3_student2340,B2016,Z3/Z3,student2340,42,17,2,False,False,False,0,0,0
B2016_Z3/Z3_student1649,B2016,Z3/Z3,student1649,52,21,2,False,False,False,0,0,0
B2016_Z3/Z3_student1891,B2016,Z3/Z3,student1891,12,5,2,False,False,False,0,0,0
B2016_Z3/Z3_student7589,B2016,Z3/Z3,student7589,72,29,2,False,False,False,0,0,0
B2016_Z3/Z3_student7774,B2016,Z3/Z3,student7774,42,17,2,False,False,False,0,0,0
B2016_Z3/Z3_student1477,B2016,Z3/Z3,student1477,52,21,2,False,False,False,0,0,0
B2016_Z3/Z3_student2142,B2016,Z3/Z3,student2142,20,9,5,False,False,False,0,0,0
B2016_Z3/Z3_student4296,B2016,Z3/Z3,student4296,20,9,5,False,False,False,0,0,0
B2016_Z3/Z3_student5771,B2016,Z3/Z3,student5771,102,41,2,False,False,False,0,0,0
B2016_Z3/Z3_student5573,B2016,Z3/Z3,student5573,52,21,2,False,False,False,0,0,0
B2016_Z3/Z3_student8043,B2016,Z3/Z3,student8043,12,5,2,False,False,False,0,0,0
B2016_Z3/Z3_student3116,B2016,Z3/Z3,student3116,12,5,2,False,False,False,0,0,0
B2016_Z3/Z3_student6720,B2016,Z3/Z3,student6720,12,5,2,False,False,False,0,0,0
B2016_Z3/Z3_student2234,B2016,Z3/Z3,student2234,12,5,2,False,False,False,0,0,0
B2016_Z3/Z3_student6913,B2016,Z3/Z3,student6913,12,5,2,False,False,False,0,0,0
B2016_Z3/Z3_student2585,B2016,Z3/Z3,student2585,42,17,2,False,False,False,0,0,0
B2016_Z3/Z3_student6790,B2016,Z3/Z3,student6790,12,5,2,False,False,False,0,0,0
B2016_Z3/Z3_student3171,B2016,Z3/Z3,student3171,42,17,2,False,False,False,0,0,0
B2016_Z3/Z3_student3165,B2016,Z3/Z3,student3165,52,21,2,False,False,False,0,0,0
B2016_Z3/Z3_student1772,B2016,Z3/Z3,student1772,12,5,2,False,False,False,0,0,0
B2016_Z3/Z3_student2247,B2016,Z3/Z3,student2247,42,17,2,False,False,False,0,0,0
B2016_Z3/Z3_student4150,B2016,Z3/Z3,student4150,17,7,4,False,False,False,0,0,0
B2016_Z3/Z3_student2086,B2016,Z3/Z3,student2086,42,17,2,False,False,False,0,0,0
B2016_Z3/Z3_student1202,B2016,Z3/Z3,student1202,17,7,4,False,False,False,0,0,0
B2016_Z3/Z3_student8540,B2016,Z3/Z3,student8540,42,17,2,False,False,False,0,0,0
B2016_Z3/Z3_student9676,B2016,Z3/Z3,student9676,12,5,2,False,False,False,0,0,0
B2016_Z3/Z3_student9931,B2016,Z3/Z3,student9931,82,33,2,False,False,False,0,0,0
B2016_Z3/Z3_student6419,B2016,Z3/Z3,student6419,52,21,2,False,False,False,0,0,0
B2016_Z3/Z3_student7713,B2016,Z3/Z3,student7713,12,5,2,False,False,False,0,0,0
B2016_Z3/Z3_student4554,B2016,Z3/Z3,student4554,42,17,2,False,False,False,0,0,0
B2016_Z3/Z3_student9716,B2016,Z3/Z3,student9716,62,25,2,False,False,False,0,0,0
B2016_Z3/Z3_student6357,B2016,Z3/Z3,student6357,17,7,4,False,False,False,0,0,0
B2016_Z3/Z3_student3978,B2016,Z3/Z3,student3978,42,17,2,False,False,False,0,0,0
B2016_Z3/Z3_student4959,B2016,Z3/Z3,student4959,12,5,2,False,False,False,0,0,0
B2016_Z3/Z3_student9272,B2016,Z3/Z3,student9272,72,29,2,False,False,False,0,0,0
B2016_Z3/Z3_student3776,B2016,Z3/Z3,student3776,12,5,2,False,False,False,0,0,0
B2016_Z3/Z3_student5475,B2016,Z3/Z3,student5475,62,25,2,False,False,False,0,0,0
B2016_Z3/Z3_student4780,B2016,Z3/Z3,student4780,17,7,4,False,False,False,0,0,0
B2016_Z3/Z3_student9071,B2016,Z3/Z3,student9071,52,21,2,False,False,False,0,0,0
B2016_Z3/Z3_student3206,B2016,Z3/Z3,student3206,42,17,2,False,False,False,0,0,0
B2016_Z3/Z3_student9924,B2016,Z3/Z3,student9924,52,21,2,False,False,False,0,0,0
B2016_Z3/Z3_student6550,B2016,Z3/Z3,student6550,12,5,2,False,False,False,0,0,0
B2016_Z3/Z3_student2736,B2016,Z3/Z3,student2736,12,5,2,False,False,False,0,0,0
B2016_Z3/Z3_student1571,B2016,Z3/Z3,student1571,82,33,2,False,False,False,0,0,0
B2016_Z3/Z3_student2939,B2016,Z3/Z3,student2939,42,17,2,False,False,False,0,0,0
B2016_Z3/Z3_student5529,B2016,Z3/Z3,student5529,52,21,2,False,False,False,0,0,0
B2016_Z3/Z3_student1029,B2016,Z3/Z3,student1029,52,21,2,False,False,False,0,0,0
B2016_Z3/Z3_student2508,B2016,Z3/Z3,student2508,42,17,2,False,False,False,0,0,0
B2016_Z3/Z3_student8025,B2016,Z3/Z3,student8025,42,17,2,False,False,False,0,0,0
B2016_Z3/Z3_student6008,B2016,Z3/Z3,student6008,42,17,2,False,False,False,0,0,0
B2016_Z3/Z3_student4192,B2016,Z3/Z3,student4192,52,21,2,False,False,False,0,0,0
B2016_Z3/Z3_student8964,B2016,Z3/Z3,student8964,72,29,2,False,False,False,0,0,0
B2016_Z3/Z3_student8794,B2016,Z3/Z3,student8794,62,25,2,False,False,False,0,0,0
B2016_Z3/Z3_student3819,B2016,Z3/Z3,student3819,52,21,2,False,False,False,0,0,0
B2016_Z3/Z3_student8780,B2016,Z3/Z3,student8780,52,21,2,False,False,False,0,0,0
B2016_Z3/Z3_student4804,B2016,Z3/Z3,student4804,42,17,2,False,False,False,0,0,0
B2016_Z3/Z3_student4806,B2016,Z3/Z3,student4806,62,25,2,False,False,False,0,0,0
B2016_Z3/Z3_student6787,B2016,Z3/Z3,student6787,42,17,2,False,False,False,0,0,0
B2016_Z3/Z3_student8755,B2016,Z3/Z3,student8755,72,29,2,False,False,False,0,0,0
B2016_Z3/Z3_student1981,B2016,Z3/Z3,student1981,42,17,2,False,False,False,0,0,0
B2016_Z3/Z3_student9463,B2016,Z3/Z3,student9463,12,5,2,False,False,False,0,0,0
B2016_Z3/Z3_student8580,B2016,Z3/Z3,student8580,72,29,2,False,False,False,0,0,0
B2016_Z3/Z3_student7857,B2016,Z3/Z3,student7857,12,5,2,False,False,False,0,0,0
B2016_Z3/Z3_student3402,B2016,Z3/Z3,student3402,62,25,2,False,False,False,0,0,0
B2016_Z3/Z3_student1375,B2016,Z3/Z3,student1375,52,21,2,False,False,False,0,0,0
B2016_Z3/Z3_student2126,B2016,Z3/Z3,student2126,12,5,2,False,False,False,0,0,0
B2016_Z3/Z3_student1639,B2016,Z3/Z3,student1639,52,21,2,False,False,False,0,0,0
B2016_Z3/Z3_student6631,B2016,Z3/Z3,student6631,42,17,2,False,False,False,0,0,0
B2016_Z3/Z3_student4026,B2016,Z3/Z3,student4026,82,33,2,False,False,False,0,0,0
B2016_Z3/Z3_student7249,B2016,Z3/Z3,student7249,62,25,2,False,False,False,0,0,0
B2016_Z3/Z3_student8152,B2016,Z3/Z3,student8152,72,29,2,False,False,False,0,0,0
B2016_Z3/Z3_student7507,B2016,Z3/Z3,student7507,52,21,2,False,False,False,0,0,0
B2016_Z3/Z3_student5304,B2016,Z3/Z3,student5304,12,5,2,False,False,False,0,0,0
B2016_Z3/Z3_student4973,B2016,Z3/Z3,student4973,72,29,2,False,False,False,0,0,0
B2016_Z3/Z3_student8387,B2016,Z3/Z3,student8387,62,25,2,False,False,False,0,0,0
B2016_Z3/Z3_student6547,B2016,Z3/Z3,student6547,12,5,2,False,False,False,0,0,0
B2016_Z3/Z3_student7671,B2016,Z3/Z3,student7671,12,5,2,False,False,False,0,0,0
B2016_Z3/Z3_student8224,B2016,Z3/Z3,student8224,42,17,2,False,False,False,0,0,0
B2016_Z3/Z3_student7665,B2016,Z3/Z3,student7665,231,101,7,False,False,False,0,0,0
B2016_Z3/Z3_student1758,B2016,Z3/Z3,student1758,62,25,2,False,False,False,0,0,0
B2016_Z3/Z3_student9476,B2016,Z3/Z3,student9476,12,5,2,False,False,False,0,0,0
B2016_Z3/Z3_student1016,B2016,Z3/Z3,student1016,42,17,2,False,False,False,0,0,0
B2016_Z3/Z3_student1943,B2016,Z3/Z3,student1943,42,17,2,False,False,False,0,0,0
B2016_Z3/Z3_student4185,B2016,Z3/Z3,student4185,92,37,2,False,False,False,0,0,0
B2016_Z3/Z3_student8797,B2016,Z3/Z3,student8797,42,17,2,False,False,False,0,0,0
B2016_Z3/Z3_student4195,B2016,Z3/Z3,student4195,52,21,2,False,False,False,0,0,0
B2016_Z3/Z3_student6999,B2016,Z3/Z3,student6999,62,25,2,False,False,False,0,0,0
B2016_Z3/Z3_student2080,B2016,Z3/Z3,student2080,12,5,2,False,False,False,0,0,0
B2016_Z3/Z3_student7891,B2016,Z3/Z3,student7891,62,25,2,False,False,False,0,0,0
B2016_Z3/Z3_student8552,B2016,Z3/Z3,student8552,42,17,2,False,False,False,0,0,0
B2016_Z3/Z3_student9923,B2016,Z3/Z3,student9923,52,21,2,False,False,False,0,0,0
B2016_Z3/Z3_student2645,B2016,Z3/Z3,student2645,82,33,2,False,False,False,0,0,0
B2016_Z3/Z3_student1364,B2016,Z3/Z3,student1364,62,25,2,False,False,False,0,0,0
B2016_Z3/Z3_student3567,B2016,Z3/Z3,student3567,52,21,2,False,False,False,0,0,0
B2016_Z3/Z3_student6184,B2016,Z3/Z3,student6184,62,25,2,False,False,False,0,0,0
B2016_Z3/Z3_student1833,B2016,Z3/Z3,student1833,62,25,2,False,False,False,0,0,0
B2016_Z3/Z3_student2335,B2016,Z3/Z3,student2335,62,25,2,False,False,False,0,0,0
B2016_Z3/Z3_student4036,B2016,Z3/Z3,student4036,62,25,2,False,False,False,0,0,0
B2016_Z3/Z3_student3759,B2016,Z3/Z3,student3759,12,5,2,False,False,False,0,0,0
B2016_Z3/Z3_student2447,B2016,Z3/Z3,student2447,12,5,2,False,False,False,0,0,0
B2016_Z3/Z3_student8631,B2016,Z3/Z3,student8631,52,21,2,False,False,False,0,0,0
B2016_Z3/Z3_student7258,B2016,Z3/Z3,student7258,52,21,2,False,False,False,0,0,0
B2016_Z3/Z3_student6634,B2016,Z3/Z3,student6634,42,17,2,False,False,False,0,0,0
B2016_Z3/Z3_student3572,B2016,Z3/Z3,student3572,12,5,2,False,False,False,0,0,0
B2016_Z3/Z3_student2888,B2016,Z3/Z3,student2888,52,21,2,False,False,False,0,0,0
B2016_Z3/Z3_student5881,B2016,Z3/Z3,student5881,72,29,2,False,False,False,0,0,0
B2016_Z3/Z3_student5842,B2016,Z3/Z3,student5842,52,21,2,False,False,False,0,0,0
B2016_Z3/Z3_student8209,B2016,Z3/Z3,student8209,62,25,2,False,False,False,0,0,0
B2016_Z3/Z3_student3610,B2016,Z3/Z3,student3610,12,5,2,False,False,False,0,0,0
B2016_Z3/Z3_student5261,B2016,Z3/Z3,student5261,12,5,2,False,False,False,0,0,0
B2016_Z3/Z3_student1013,B2016,Z3/Z3,student1013,12,5,2,False,False,False,0,0,0
B2016_Z3/Z3_student2254,B2016,Z3/Z3,student2254,42,17,2,False,False,False,0,0,0
B2016_Z3/Z3_student9315,B2016,Z3/Z3,student9315,52,21,2,False,False,False,0,0,0
B2016_Z3/Z3_student2526,B2016,Z3/Z3,student2526,72,29,2,False,False,False,0,0,0
B2016_Z3/Z3_student6973,B2016,Z3/Z3,student6973,42,17,2,False,False,False,0,0,0
B2016_Z3/Z3_student8786,B2016,Z3/Z3,student8786,42,17,2,False,False,False,0,0,0
B2016_Z3/Z3_student5263,B2016,Z3/Z3,student5263,42,17,2,False,False,False,0,0,0
B2016_Z3/Z3_student8747,B2016,Z3/Z3,student8747,42,17,2,False,False,False,0,0,0
B2016_Z3/Z3_student8753,B2016,Z3/Z3,student8753,62,25,2,False,False,False,0,0,0
B2016_Z3/Z3_student4425,B2016,Z3/Z3,student4425,52,21,2,False,False,False,0,0,0
B2016_Z3/Z3_student9673,B2016,Z3/Z3,student9673,62,25,2,False,False,False,0,0,0
B2016_Z3/Z3_student3410,B2016,Z3/Z3,student3410,42,17,2,False,False,False,0,0,0
B2016_Z3/Z3_student2068,B2016,Z3/Z3,student2068,42,17,2,False,False,False,0,0,0
B2016_Z3/Z3_student9129,B2016,Z3/Z3,student9129,42,17,2,False,False,False,0,0,0
B2016_Z3/Z3_student5713,B2016,Z3/Z3,student5713,82,33,2,False,False,False,0,0,0
B2016_Z3/Z3_student9897,B2016,Z3/Z3,student9897,42,17,2,False,False,False,0,0,0
B2016_Z3/Z3_student5129,B2016,Z3/Z3,student5129,12,5,2,False,False,False,0,0,0
B2016_Z3/Z3_student4237,B2016,Z3/Z3,student4237,42,17,2,False,False,False,0,0,0
B2016_Z3/Z3_student5897,B2016,Z3/Z3,student5897,42,17,2,False,False,False,0,0,0
B2016_Z3/Z3_student8419,B2016,Z3/Z3,student8419,42,17,2,False,False,False,0,0,0
B2016_Z3/Z3_student2652,B2016,Z3/Z3,student2652,12,5,2,False,False,False,0,0,0
B2016_Z3/Z3_student5673,B2016,Z3/Z3,student5673,12,5,2,False,False,False,0,0,0
B2016_Z3/Z3_student8357,B2016,Z3/Z3,student8357,72,29,2,False,False,False,0,0,0
B2016_Z3/Z3_student5667,B2016,Z3/Z3,student5667,12,5,2,False,False,False,0,0,0
B2016_Z3/Z3_student2478,B2016,Z3/Z3,student2478,42,17,2,False,False,False,0,0,0
B2016_Z3/Z3_student9538,B2016,Z3/Z3,student9538,52,21,2,False,False,False,0,0,0
B2016_Z3/Z3_student5470,B2016,Z3/Z3,student5470,42,17,2,False,False,False,0,0,0
B2016_Z3/Z3_student1616,B2016,Z3/Z3,student1616,12,5,2,False,False,False,0,0,0
B2016_Z3/Z3_student6151,B2016,Z3/Z3,student6151,42,17,2,False,False,False,0,0,0
B2016_Z3/Z3_student4949,B2016,Z3/Z3,student4949,42,17,2,False,False,False,0,0,0
B2016_Z3/Z3_student2486,B2016,Z3/Z3,student2486,52,21,2,False,False,False,0,0,0
B2016_Z3/Z3_student3217,B2016,Z3/Z3,student3217,12,5,2,False,False,False,0,0,0
B2016_Z3/Z3_student8430,B2016,Z3/Z3,student8430,82,33,2,False,False,False,0,0,0
B2016_Z3/Z3_student6353,B2016,Z3/Z3,student6353,62,25,2,False,False,False,0,0,0
B2016_Z3/Z3_student9935,B2016,Z3/Z3,student9935,42,17,2,False,False,False,0,0,0
B2016_Z3/Z3_student4587,B2016,Z3/Z3,student4587,52,21,2,False,False,False,0,0,0
B2016_Z3/Z3_student3411,B2016,Z3/Z3,student3411,102,41,2,False,False,False,0,0,0
B2016_Z3/Z3_student6227,B2016,Z3/Z3,student6227,12,5,2,False,False,False,0,0,0
B2016_Z3/Z3_student4430,B2016,Z3/Z3,student4430,12,5,2,False,False,False,0,0,0
B2016_Z3/Z3_student1776,B2016,Z3/Z3,student1776,12,5,2,False,False,False,0,0,0
B2016_Z3/Z3_student3175,B2016,Z3/Z3,student3175,52,21,2,False,False,False,0,0,0
B2016_Z3/Z3_student9458,B2016,Z3/Z3,student9458,12,5,2,False,False,False,0,0,0
B2016_Z3/Z3_student9464,B2016,Z3/Z3,student9464,42,17,2,False,False,False,0,0,0
B2016_Z3/Z4_student4824,B2016,Z3/Z4,student4824,32,13,2,False,False,False,0,0,0
B2016_Z3/Z4_student9482,B2016,Z3/Z4,student9482,12,5,2,False,False,False,0,0,0
B2016_Z3/Z4_student3178,B2016,Z3/Z4,student3178,42,17,2,False,False,False,0,0,0
B2016_Z3/Z4_student8993,B2016,Z3/Z4,student8993,22,9,2,False,False,False,0,0,0
B2016_Z3/Z4_student5904,B2016,Z3/Z4,student5904,12,5,2,False,False,False,0,0,0
B2016_Z3/Z4_student1237,B2016,Z3/Z4,student1237,22,9,2,False,False,False,0,0,0
B2016_Z3/Z4_student1579,B2016,Z3/Z4,student1579,12,5,2,False,False,False,0,0,0
B2016_Z3/Z4_student4415,B2016,Z3/Z4,student4415,32,13,2,False,False,False,0,0,0
B2016_Z3/Z4_student2886,B2016,Z3/Z4,student2886,12,5,2,False,False,False,0,0,0
B2016_Z3/Z4_student4575,B2016,Z3/Z4,student4575,12,5,2,False,False,False,0,0,0
B2016_Z3/Z4_student2676,B2016,Z3/Z4,student2676,12,5,2,False,False,False,0,0,0
B2016_Z3/Z4_student5496,B2016,Z3/Z4,student5496,12,5,2,False,False,False,0,0,0
B2016_Z3/Z4_student5441,B2016,Z3/Z4,student5441,12,5,2,False,False,False,0,0,0
B2016_Z3/Z4_student3756,B2016,Z3/Z4,student3756,12,5,2,False,False,False,0,0,0
B2016_Z3/Z4_student4011,B2016,Z3/Z4,student4011,22,9,2,False,False,False,0,0,0
B2016_Z3/Z4_student6613,B2016,Z3/Z4,student6613,22,9,2,False,False,False,0,0,0
B2016_Z3/Z4_student5468,B2016,Z3/Z4,student5468,12,5,2,False,False,False,0,0,0
B2016_Z3/Z4_student2111,B2016,Z3/Z4,student2111,32,13,2,False,False,False,0,0,0
B2016_Z3/Z4_student6363,B2016,Z3/Z4,student6363,17,7,4,False,False,False,0,0,0
B2016_Z3/Z4_student8428,B2016,Z3/Z4,student8428,22,9,2,False,False,False,0,0,0
B2016_Z3/Z4_student5695,B2016,Z3/Z4,student5695,12,5,2,False,False,False,0,0,0
B2016_Z3/Z4_student4414,B2016,Z3/Z4,student4414,12,5,2,False,False,False,0,0,0
B2016_Z3/Z4_student5078,B2016,Z3/Z4,student5078,32,13,2,False,False,False,0,0,0
B2016_Z3/Z4_student6571,B2016,Z3/Z4,student6571,12,5,2,False,False,False,0,0,0
B2016_Z3/Z4_student3421,B2016,Z3/Z4,student3421,12,5,2,False,False,False,0,0,0
B2016_Z3/Z4_student8560,B2016,Z3/Z4,student8560,12,5,2,True,False,True,1,0,1
B2016_Z3/Z4_student5939,B2016,Z3/Z4,student5939,32,13,2,False,False,False,0,0,0
B2016_Z3/Z4_student2267,B2016,Z3/Z4,student2267,22,9,2,False,False,False,0,0,0
B2016_Z3/Z4_student8986,B2016,Z3/Z4,student8986,42,17,2,False,False,False,0,0,0
B2016_Z3/Z4_student4602,B2016,Z3/Z4,student4602,22,9,2,False,False,False,0,0,0
B2016_Z3/Z4_student8776,B2016,Z3/Z4,student8776,22,9,2,False,False,False,0,0,0
B2016_Z3/Z4_student8004,B2016,Z3/Z4,student8004,32,13,2,False,False,False,0,0,0
B2016_Z3/Z4_student6029,B2016,Z3/Z4,student6029,32,13,2,False,False,False,0,0,0
B2016_Z3/Z4_student3186,B2016,Z3/Z4,student3186,22,9,2,False,False,False,0,0,0
B2016_Z3/Z4_student7492,B2016,Z3/Z4,student7492,22,9,2,False,False,False,0,0,0
B2016_Z3/Z4_student1793,B2016,Z3/Z4,student1793,12,5,2,False,False,False,0,0,0
B2016_Z3/Z4_student6956,B2016,Z3/Z4,student6956,12,5,2,False,False,False,0,0,0
B2016_Z3/Z4_student4628,B2016,Z3/Z4,student4628,32,13,2,False,False,False,0,0,0
B2016_Z3/Z4_student5536,B2016,Z3/Z4,student5536,12,5,2,False,False,False,0,0,0
B2016_Z3/Z4_student9318,B2016,Z3/Z4,student9318,22,9,2,False,False,False,0,0,0
B2016_Z3/Z4_student7335,B2016,Z3/Z4,student7335,22,9,2,False,False,False,0,0,0
B2016_Z3/Z4_student8006,B2016,Z3/Z4,student8006,12,5,2,False,False,False,0,0,0
B2016_Z3/Z4_student6995,B2016,Z3/Z4,student6995,22,9,2,False,False,False,0,0,0
B2016_Z3/Z4_student5244,B2016,Z3/Z4,student5244,22,9,2,False,False,False,0,0,0
B2016_Z3/Z4_student4614,B2016,Z3/Z4,student4614,12,5,2,False,False,False,0,0,0
B2016_Z3/Z4_student3386,B2016,Z3/Z4,student3386,22,9,2,False,False,False,0,0,0
B2016_Z3/Z4_student7123,B2016,Z3/Z4,student7123,22,9,2,False,False,False,0,0,0
B2016_Z3/Z4_student8576,B2016,Z3/Z4,student8576,22,9,2,False,False,False,0,0,0
B2016_Z3/Z4_student4416,B2016,Z3/Z4,student4416,32,13,2,False,False,False,0,0,0
B2016_Z3/Z4_student4370,B2016,Z3/Z4,student4370,32,13,2,False,False,False,0,0,0
B2016_Z3/Z4_student2701,B2016,Z3/Z4,student2701,22,9,2,False,False,False,0,0,0
B2016_Z3/Z4_student3594,B2016,Z3/Z4,student3594,22,9,2,False,False,False,0,0,0
B2016_Z3/Z4_student7080,B2016,Z3/Z4,student7080,12,5,2,False,False,False,0,0,0
B2016_Z3/Z4_student5867,B2016,Z3/Z4,student5867,22,9,2,False,False,False,0,0,0
B2016_Z3/Z4_student3557,B2016,Z3/Z4,student3557,22,9,2,False,False,False,0,0,0
B2016_Z3/Z4_student2675,B2016,Z3/Z4,student2675,12,5,2,False,False,False,0,0,0
B2016_Z3/Z4_student3219,B2016,Z3/Z4,student3219,12,5,2,False,False,False,0,0,0
B2016_Z3/Z4_student6822,B2016,Z3/Z4,student6822,22,9,2,False,False,False,0,0,0
B2016_Z3/Z4_student8199,B2016,Z3/Z4,student8199,12,5,2,False,False,False,0,0,0
B2016_Z3/Z4_student1624,B2016,Z3/Z4,student1624,12,5,2,False,False,False,0,0,0
B2016_Z3/Z4_student2477,B2016,Z3/Z4,student2477,22,9,2,False,False,False,0,0,0
B2016_Z3/Z4_student6604,B2016,Z3/Z4,student6604,12,5,2,False,False,False,0,0,0
B2016_Z3/Z4_student1180,B2016,Z3/Z4,student1180,32,13,2,False,False,False,0,0,0
B2016_Z3/Z4_student5899,B2016,Z3/Z4,student5899,42,17,2,False,False,False,0,0,0
B2016_Z3/Z4_student7678,B2016,Z3/Z4,student7678,12,5,2,False,False,False,0,0,0
B2016_Z3/Z4_student7888,B2016,Z3/Z4,student7888,12,5,2,False,False,False,0,0,0
B2016_Z3/Z4_student3350,B2016,Z3/Z4,student3350,22,9,2,True,True,True,3,3,3
B2016_Z3/Z4_student1547,B2016,Z3/Z4,student1547,22,9,2,False,False,False,0,0,0
B2016_Z3/Z4_student9325,B2016,Z3/Z4,student9325,22,9,2,False,False,False,0,0,0
B2016_Z3/Z4_student9443,B2016,Z3/Z4,student9443,12,5,2,False,False,False,0,0,0
B2016_Z3/Z4_student4167,B2016,Z3/Z4,student4167,42,17,2,False,False,False,0,0,0
B2016_Z3/Z4_student3634,B2016,Z3/Z4,student3634,12,5,2,False,False,False,0,0,0
B2016_Z3/Z4_student7320,B2016,Z3/Z4,student7320,42,17,2,False,False,False,0,0,0
B2016_Z3/Z4_student3807,B2016,Z3/Z4,student3807,32,13,2,False,False,False,0,0,0
B2016_Z3/Z4_student1976,B2016,Z3/Z4,student1976,32,13,2,False,False,False,0,0,0
B2016_Z3/Z4_student7485,B2016,Z3/Z4,student7485,12,5,2,False,False,False,0,0,0
B2016_Z3/Z4_student1966,B2016,Z3/Z4,student1966,22,9,2,False,False,False,0,0,0
B2016_Z3/Z4_student6953,B2016,Z3/Z4,student6953,12,5,2,False,False,False,0,0,0
B2016_Z3/Z4_student4163,B2016,Z3/Z4,student4163,22,9,2,False,False,False,0,0,0
B2016_Z3/Z4_student9447,B2016,Z3/Z4,student9447,12,5,2,False,False,False,0,0,0
B2016_Z3/Z4_student5533,B2016,Z3/Z4,student5533,22,9,2,False,False,False,0,0,0
B2016_Z3/Z4_student4639,B2016,Z3/Z4,student4639,22,9,2,False,False,False,0,0,0
B2016_Z3/Z4_student8598,B2016,Z3/Z4,student8598,12,5,2,False,False,False,0,0,0
B2016_Z3/Z4_student3383,B2016,Z3/Z4,student3383,12,5,2,False,False,False,0,0,0
B2016_Z3/Z4_student7085,B2016,Z3/Z4,student7085,52,21,2,False,False,False,0,0,0
B2016_Z3/Z4_student6364,B2016,Z3/Z4,student6364,52,21,2,False,False,False,0,0,0
B2016_Z3/Z4_student2664,B2016,Z3/Z4,student2664,32,13,2,False,False,False,0,0,0
B2016_Z3/Z4_student3546,B2016,Z3/Z4,student3546,22,9,2,False,False,False,0,0,0
B2016_Z3/Z4_student9296,B2016,Z3/Z4,student9296,22,9,2,False,False,False,0,0,0
B2016_Z3/Z4_student7293,B2016,Z3/Z4,student7293,12,5,2,False,False,False,0,0,0
B2016_Z3/Z4_student2472,B2016,Z3/Z4,student2472,22,9,2,False,False,False,0,0,0
B2016_Z3/Z4_student1146,B2016,Z3/Z4,student1146,22,9,2,False,False,False,0,0,0
B2016_Z3/Z4_student4770,B2016,Z3/Z4,student4770,52,21,2,False,False,False,0,0,0
B2016_Z3/Z4_student8638,B2016,Z3/Z4,student8638,22,9,2,False,False,False,0,0,0
B2016_Z3/Z4_student6198,B2016,Z3/Z4,student6198,22,9,2,False,False,False,0,0,0
B2016_Z3/Z4_student5122,B2016,Z3/Z4,student5122,12,5,2,False,False,False,0,0,0
B2016_Z3/Z4_student7735,B2016,Z3/Z4,student7735,22,9,2,False,False,False,0,0,0
B2016_Z3/Z4_student1422,B2016,Z3/Z4,student1422,82,33,2,False,False,False,0,0,0
B2016_Z3/Z4_student2117,B2016,Z3/Z4,student2117,12,5,2,False,False,False,0,0,0
B2016_Z3/Z4_student4599,B2016,Z3/Z4,student4599,22,9,2,False,False,False,0,0,0
B2016_Z3/Z4_student5863,B2016,Z3/Z4,student5863,42,17,2,False,False,False,0,0,0
B2016_Z3/Z4_student1542,B2016,Z3/Z4,student1542,12,5,2,False,False,False,0,0,0
B2016_Z3/Z4_student7655,B2016,Z3/Z4,student7655,12,5,2,False,False,False,0,0,0
B2016_Z3/Z4_student4412,B2016,Z3/Z4,student4412,12,5,2,False,False,False,0,0,0
B2016_Z3/Z4_student1581,B2016,Z3/Z4,student1581,22,9,2,False,False,False,0,0,0
B2016_Z3/Z4_student2922,B2016,Z3/Z4,student2922,32,13,2,False,False,False,0,0,0
B2016_Z3/Z4_student8599,B2016,Z3/Z4,student8599,22,9,2,False,False,False,0,0,0
B2016_Z3/Z4_student3631,B2016,Z3/Z4,student3631,22,9,2,False,False,False,0,0,0
B2016_Z3/Z4_student7457,B2016,Z3/Z4,student7457,22,9,2,False,False,False,0,0,0
B2016_Z3/Z4_student2513,B2016,Z3/Z4,student2513,22,9,2,False,False,False,0,0,0
B2016_Z3/Z4_student6007,B2016,Z3/Z4,student6007,52,21,2,False,False,False,0,0,0
B2016_Z3/Z4_student5268,B2016,Z3/Z4,student5268,12,5,2,False,False,False,0,0,0
B2016_Z3/Z4_student5297,B2016,Z3/Z4,student5297,22,9,2,False,False,False,0,0,0
B2016_Z3/Z4_student8957,B2016,Z3/Z4,student8957,22,9,2,False,False,False,0,0,0
B2016_Z3/Z4_student2908,B2016,Z3/Z4,student2908,32,13,2,False,False,False,0,0,0
B2016_Z3/Z4_student5915,B2016,Z3/Z4,student5915,12,5,2,False,False,False,0,0,0
B2016_Z3/Z4_student4389,B2016,Z3/Z4,student4389,22,9,2,False,False,False,0,0,0
B2016_Z3/Z4_student7119,B2016,Z3/Z4,student7119,12,5,2,False,False,False,0,0,0
B2016_Z3/Z4_student7125,B2016,Z3/Z4,student7125,32,13,2,False,False,False,0,0,0
B2016_Z3/Z4_student7643,B2016,Z3/Z4,student7643,12,5,2,False,False,False,0,0,0
B2016_Z3/Z4_student3425,B2016,Z3/Z4,student3425,12,5,2,False,False,False,0,0,0
B2016_Z3/Z4_student8389,B2016,Z3/Z4,student8389,22,9,2,False,False,False,0,0,0
B2016_Z3/Z4_student9097,B2016,Z3/Z4,student9097,12,5,2,False,False,False,0,0,0
B2016_Z3/Z4_student2667,B2016,Z3/Z4,student2667,12,5,2,False,False,False,0,0,0
B2016_Z3/Z4_student6824,B2016,Z3/Z4,student6824,12,5,2,False,False,False,0,0,0
B2016_Z3/Z4_student3790,B2016,Z3/Z4,student3790,22,9,2,False,False,False,0,0,0
B2016_Z3/Z4_student9524,B2016,Z3/Z4,student9524,22,9,2,False,False,False,0,0,0
B2016_Z3/Z4_student3009,B2016,Z3/Z4,student3009,22,9,2,False,False,False,0,0,0
B2016_Z3/Z4_student4766,B2016,Z3/Z4,student4766,32,13,2,False,False,False,0,0,0
B2016_Z3/Z4_student2464,B2016,Z3/Z4,student2464,12,5,2,False,False,False,0,0,0
B2016_Z3/Z4_student1192,B2016,Z3/Z4,student1192,12,5,2,False,False,False,0,0,0
B2016_Z3/Z4_student8363,B2016,Z3/Z4,student8363,32,13,2,False,False,False,0,0,0
B2016_Z3/Z4_student2896,B2016,Z3/Z4,student2896,22,9,2,False,False,False,0,0,0
B2016_Z3/Z4_student1390,B2016,Z3/Z4,student1390,12,5,2,False,False,False,0,0,0
B2016_Z3/Z4_student7911,B2016,Z3/Z4,student7911,12,5,2,False,False,False,0,0,0
B2016_Z3/Z4_student3424,B2016,Z3/Z4,student3424,32,13,2,False,False,False,0,0,0
B2016_Z3/Z4_student4377,B2016,Z3/Z4,student4377,42,17,2,False,False,False,0,0,0
B2016_Z3/Z4_student9451,B2016,Z3/Z4,student9451,22,9,2,False,False,False,0,0,0
B2016_Z3/Z4_student8029,B2016,Z3/Z4,student8029,32,13,2,False,False,False,0,0,0
B2016_Z3/Z4_student6010,B2016,Z3/Z4,student6010,22,9,2,False,False,False,0,0,0
B2016_Z3/Z4_student6776,B2016,Z3/Z4,student6776,12,5,2,False,False,False,0,0,0
B2016_Z3/Z4_student5581,B2016,Z3/Z4,student5581,42,17,2,False,False,False,0,0,0
B2016_Z3/Z4_student3872,B2016,Z3/Z4,student3872,32,13,2,True,True,True,2,2,2
B2016_Z3/Z4_student3133,B2016,Z3/Z4,student3133,12,5,2,False,False,False,0,0,0
B2016_Z3/Z4_student5542,B2016,Z3/Z4,student5542,12,5,2,False,False,False,0,0,0
B2016_Z3/Z4_student3899,B2016,Z3/Z4,student3899,32,13,2,False,False,False,0,0,0
B2016_Z3/Z4_student7341,B2016,Z3/Z4,student7341,42,17,2,False,False,False,0,0,0
B2016_Z3/Z4_student7180,B2016,Z3/Z4,student7180,32,13,2,False,False,False,0,0,0
B2016_Z3/Z4_student7802,B2016,Z3/Z4,student7802,32,13,2,False,False,False,0,0,0
B2016_Z3/Z4_student3331,B2016,Z3/Z4,student3331,42,17,2,False,False,False,0,0,0
B2016_Z3/Z4_student8264,B2016,Z3/Z4,student8264,32,13,2,False,False,False,0,0,0
B2016_Z3/Z4_student6507,B2016,Z3/Z4,student6507,32,13,2,False,False,False,0,0,0
B2016_Z3/Z4_student5185,B2016,Z3/Z4,student5185,22,9,2,False,False,False,0,0,0
B2016_Z3/Z4_student9998,B2016,Z3/Z4,student9998,22,9,2,False,False,False,0,0,0
B2016_Z3/Z4_student3047,B2016,Z3/Z4,student3047,32,13,2,False,False,False,0,0,0
B2016_Z3/Z4_student5378,B2016,Z3/Z4,student5378,12,5,2,False,False,False,0,0,0
B2016_Z3/Z4_student2371,B2016,Z3/Z4,student2371,32,13,2,False,False,False,0,0,0
B2016_Z3/Z4_student2364,B2016,Z3/Z4,student2364,42,17,2,False,False,False,0,0,0
B2016_Z3/Z4_student9557,B2016,Z3/Z4,student9557,12,5,2,False,False,False,0,0,0
B2016_Z3/Z4_student5345,B2016,Z3/Z4,student5345,22,9,2,False,False,False,0,0,0
B2016_Z3/Z4_student8846,B2016,Z3/Z4,student8846,12,5,2,False,False,False,0,0,0
B2016_Z3/Z4_student1453,B2016,Z3/Z4,student1453,22,9,2,False,False,False,0,0,0
B2016_Z3/Z4_student7977,B2016,Z3/Z4,student7977,12,5,2,False,False,False,0,0,0
B2016_Z3/Z4_student9972,B2016,Z3/Z4,student9972,32,13,2,False,False,False,0,0,0
B2016_Z3/Z4_student3442,B2016,Z3/Z4,student3442,22,9,2,False,False,False,0,0,0
B2016_Z3/Z4_student6248,B2016,Z3/Z4,student6248,22,9,2,False,False,False,0,0,0
B2016_Z3/Z4_student5741,B2016,Z3/Z4,student5741,22,9,2,False,False,False,0,0,0
B2016_Z3/Z4_student2953,B2016,Z3/Z4,student2953,17,7,4,False,False,False,0,0,0
B2016_Z3/Z4_student7368,B2016,Z3/Z4,student7368,22,9,2,False,False,False,0,0,0
B2016_Z3/Z4_student2210,B2016,Z3/Z4,student2210,12,5,2,False,False,False,0,0,0
B2016_Z3/Z4_student1725,B2016,Z3/Z4,student1725,12,5,2,False,False,False,0,0,0
B2016_Z3/Z4_student4852,B2016,Z3/Z4,student4852,12,5,2,False,False,False,0,0,0
B2016_Z3/Z4_student4878,B2016,Z3/Z4,student4878,22,9,2,False,False,False,0,0,0
B2016_Z3/Z4_student6706,B2016,Z3/Z4,student6706,32,13,2,False,False,False,0,0,0
B2016_Z3/Z4_student2574,B2016,Z3/Z4,student2574,22,9,2,False,False,False,0,0,0
B2016_Z3/Z4_student3483,B2016,Z3/Z4,student3483,12,5,2,False,False,False,0,0,0
B2016_Z3/Z4_student7197,B2016,Z3/Z4,student7197,12,5,2,False,False,False,0,0,0
B2016_Z3/Z4_student7791,B2016,Z3/Z4,student7791,22,9,2,False,False,False,0,0,0
B2016_Z3/Z4_student6458,B2016,Z3/Z4,student6458,42,17,2,False,False,False,0,0,0
B2016_Z3/Z4_student4273,B2016,Z3/Z4,student4273,32,13,2,False,False,False,0,0,0
B2016_Z3/Z4_student3736,B2016,Z3/Z4,student3736,22,9,2,False,False,False,0,0,0
B2016_Z3/Z4_student8139,B2016,Z3/Z4,student8139,32,13,2,False,False,False,0,0,0
B2016_Z3/Z4_student8886,B2016,Z3/Z4,student8886,32,13,2,False,False,False,0,0,0
B2016_Z3/Z4_student8110,B2016,Z3/Z4,student8110,12,5,2,False,False,False,0,0,0
B2016_Z3/Z4_student5420,B2016,Z3/Z4,student5420,12,5,2,False,False,False,0,0,0
B2016_Z3/Z4_student1120,B2016,Z3/Z4,student1120,12,5,2,False,False,False,0,0,0
B2016_Z3/Z4_student6303,B2016,Z3/Z4,student6303,32,13,2,False,False,False,0,0,0
B2016_Z3/Z4_student5636,B2016,Z3/Z4,student5636,12,5,2,False,False,False,0,0,0
B2016_Z3/Z4_student1336,B2016,Z3/Z4,student1336,32,13,2,False,False,False,0,0,0
B2016_Z3/Z4_student3535,B2016,Z3/Z4,student3535,42,17,2,False,False,False,0,0,0
B2016_Z3/Z4_student5805,B2016,Z3/Z4,student5805,12,5,2,False,False,False,0,0,0
B2016_Z3/Z4_student2830,B2016,Z3/Z4,student2830,12,5,2,False,False,False,0,0,0
B2016_Z3/Z4_student7948,B2016,Z3/Z4,student7948,22,9,2,False,False,False,0,0,0
B2016_Z3/Z4_student1518,B2016,Z3/Z4,student1518,22,9,2,False,False,False,0,0,0
B2016_Z3/Z4_student3119,B2016,Z3/Z4,student3119,32,13,2,False,False,False,0,0,0
B2016_Z3/Z4_student9352,B2016,Z3/Z4,student9352,22,9,2,False,False,False,0,0,0
B2016_Z3/Z4_student6707,B2016,Z3/Z4,student6707,17,7,4,False,False,False,0,0,0
B2016_Z3/Z4_student5226,B2016,Z3/Z4,student5226,12,5,2,False,False,False,0,0,0
B2016_Z3/Z4_student7425,B2016,Z3/Z4,student7425,32,13,2,False,False,False,0,0,0
B2016_Z3/Z4_student9385,B2016,Z3/Z4,student9385,22,9,2,False,False,False,0,0,0
B2016_Z3/Z4_student9391,B2016,Z3/Z4,student9391,22,9,2,False,False,False,0,0,0
B2016_Z3/Z4_student1915,B2016,Z3/Z4,student1915,12,5,2,False,False,False,0,0,0
B2016_Z3/Z4_student6924,B2016,Z3/Z4,student6924,22,9,2,False,False,False,0,0,0
B2016_Z3/Z4_student7421,B2016,Z3/Z4,student7421,12,5,2,False,False,False,0,0,0
B2016_Z3/Z4_student5236,B2016,Z3/Z4,student5236,12,5,2,False,False,False,0,0,0
B2016_Z3/Z4_student4128,B2016,Z3/Z4,student4128,12,5,2,False,False,False,0,0,0
B2016_Z3/Z4_student1044,B2016,Z3/Z4,student1044,12,5,2,False,False,False,0,0,0
B2016_Z3/Z4_student7810,B2016,Z3/Z4,student7810,22,9,2,False,False,False,0,0,0
B2016_Z3/Z4_student5961,B2016,Z3/Z4,student5961,22,9,2,False,False,False,0,0,0
B2016_Z3/Z4_student7970,B2016,Z3/Z4,student7970,22,9,2,False,False,False,0,0,0
B2016_Z3/Z4_student9949,B2016,Z3/Z4,student9949,12,5,2,False,False,False,0,0,0
B2016_Z3/Z4_student1483,B2016,Z3/Z4,student1483,22,9,2,False,False,False,0,0,0
B2016_Z3/Z4_student5829,B2016,Z3/Z4,student5829,22,9,2,False,False,False,0,0,0
B2016_Z3/Z4_student1468,B2016,Z3/Z4,student1468,12,5,2,False,False,False,0,0,0
B2016_Z3/Z4_student5140,B2016,Z3/Z4,student5140,52,21,2,False,False,False,0,0,0
B2016_Z3/Z4_student1326,B2016,Z3/Z4,student1326,12,5,2,False,False,False,0,0,0
B2016_Z3/Z4_student5154,B2016,Z3/Z4,student5154,22,9,2,False,False,False,0,0,0
B2016_Z3/Z4_student3900,B2016,Z3/Z4,student3900,22,9,2,False,False,False,0,0,0
B2016_Z3/Z4_student8100,B2016,Z3/Z4,student8100,42,17,2,False,False,False,0,0,0
B2016_Z3/Z4_student7540,B2016,Z3/Z4,student7540,42,17,2,True,False,True,1,0,1
B2016_Z3/Z4_student7597,B2016,Z3/Z4,student7597,22,9,2,False,False,False,0,0,0
B2016_Z3/Z4_student8854,B2016,Z3/Z4,student8854,22,9,2,False,False,False,0,0,0
B2016_Z3/Z4_student8317,B2016,Z3/Z4,student8317,22,9,2,False,False,False,0,0,0
B2016_Z3/Z4_student2148,B2016,Z3/Z4,student2148,32,13,2,False,False,False,0,0,0
B2016_Z3/Z4_student2160,B2016,Z3/Z4,student2160,42,17,2,False,False,False,0,0,0
B2016_Z3/Z4_student2821,B2016,Z3/Z4,student2821,12,5,2,False,False,False,0,0,0
B2016_Z3/Z4_student5800,B2016,Z3/Z4,student5800,22,9,2,False,False,False,0,0,0
B2016_Z3/Z4_student4471,B2016,Z3/Z4,student4471,32,13,2,False,False,False,0,0,0
B2016_Z3/Z4_student7193,B2016,Z3/Z4,student7193,22,9,2,False,False,False,0,0,0
B2016_Z3/Z4_student2941,B2016,Z3/Z4,student2941,12,5,2,False,False,False,0,0,0
B2016_Z3/Z4_student8288,B2016,Z3/Z4,student8288,12,5,2,False,False,False,0,0,0
B2016_Z3/Z4_student7346,B2016,Z3/Z4,student7346,22,9,2,False,False,False,0,0,0
B2016_Z3/Z4_student1938,B2016,Z3/Z4,student1938,32,13,2,False,False,False,0,0,0
B2016_Z3/Z4_student5592,B2016,Z3/Z4,student5592,22,9,2,False,False,False,0,0,0
B2016_Z3/Z4_student4659,B2016,Z3/Z4,student4659,22,9,2,False,False,False,0,0,0
B2016_Z3/Z4_student3485,B2016,Z3/Z4,student3485,12,5,2,False,False,False,0,0,0
B2016_Z3/Z4_student6516,B2016,Z3/Z4,student6516,22,9,2,False,False,False,0,0,0
B2016_Z3/Z4_student4473,B2016,Z3/Z4,student4473,22,9,2,False,False,False,0,0,0
B2016_Z3/Z4_student3320,B2016,Z3/Z4,student3320,12,5,2,False,False,False,0,0,0
B2016_Z3/Z4_student1494,B2016,Z3/Z4,student1494,12,5,2,False,False,False,0,0,0
B2016_Z3/Z4_student8329,B2016,Z3/Z4,student8329,22,9,2,False,False,False,0,0,0
B2016_Z3/Z4_student6462,B2016,Z3/Z4,student6462,62,25,2,False,False,False,0,0,0
B2016_Z3/Z4_student8665,B2016,Z3/Z4,student8665,22,9,2,False,False,False,0,0,0
B2016_Z3/Z4_student1132,B2016,Z3/Z4,student1132,22,9,2,False,False,False,0,0,0
B2016_Z3/Z4_student3719,B2016,Z3/Z4,student3719,12,5,2,False,False,False,0,0,0
B2016_Z3/Z4_student5397,B2016,Z3/Z4,student5397,22,9,2,False,False,False,0,0,0
B2016_Z3/Z4_student1324,B2016,Z3/Z4,student1324,22,9,2,False,False,False,0,0,0
B2016_Z3/Z4_student7755,B2016,Z3/Z4,student7755,12,5,2,False,False,False,0,0,0
B2016_Z3/Z4_student5624,B2016,Z3/Z4,student5624,12,5,2,False,False,False,0,0,0
B2016_Z3/Z4_student1522,B2016,Z3/Z4,student1522,12,5,2,False,False,False,0,0,0
B2016_Z3/Z4_student5744,B2016,Z3/Z4,student5744,12,5,2,False,False,False,0,0,0
B2016_Z3/Z4_student9624,B2016,Z3/Z4,student9624,32,13,2,False,False,False,0,0,0
B2016_Z3/Z4_student2956,B2016,Z3/Z4,student2956,22,9,2,False,False,False,0,0,0
B2016_Z3/Z4_student2567,B2016,Z3/Z4,student2567,42,17,2,False,False,False,0,0,0
B2016_Z3/Z4_student9340,B2016,Z3/Z4,student9340,12,5,2,False,False,False,0,0,0
B2016_Z3/Z4_student7386,B2016,Z3/Z4,student7386,22,9,2,False,False,False,0,0,0
B2016_Z3/Z4_student7392,B2016,Z3/Z4,student7392,22,9,2,False,False,False,0,0,0
B2016_Z3/Z4_student8089,B2016,Z3/Z4,student8089,22,9,2,False,False,False,0,0,0
B2016_Z3/Z4_student8923,B2016,Z3/Z4,student8923,22,9,2,False,False,False,0,0,0
B2016_Z3/Z4_student4682,B2016,Z3/Z4,student4682,32,13,2,False,False,False,0,0,0
B2016_Z3/Z4_student2230,B2016,Z3/Z4,student2230,22,9,2,False,False,False,0,0,0
B2016_Z3/Z4_student2967,B2016,Z3/Z4,student2967,22,9,2,False,False,False,0,0,0
B2016_Z3/Z4_student7823,B2016,Z3/Z4,student7823,12,5,2,False,False,False,0,0,0
B2016_Z3/Z4_student7162,B2016,Z3/Z4,student7162,22,9,2,False,False,False,0,0,0
B2016_Z3/Z4_student9601,B2016,Z3/Z4,student9601,12,5,2,False,False,False,0,0,0
B2016_Z3/Z4_student7980,B2016,Z3/Z4,student7980,12,5,2,False,False,False,0,0,0
B2016_Z3/Z4_student1329,B2016,Z3/Z4,student1329,22,9,2,False,False,False,0,0,0
B2016_Z3/Z4_student3258,B2016,Z3/Z4,student3258,32,13,2,False,False,False,0,0,0
B2016_Z3/Z4_student8319,B2016,Z3/Z4,student8319,12,5,2,False,False,False,0,0,0
B2016_Z3/Z4_student2634,B2016,Z3/Z4,student2634,12,5,2,False,False,False,0,0,0
B2016_Z3/Z4_student6877,B2016,Z3/Z4,student6877,12,5,2,False,False,False,0,0,0
B2016_Z3/Z4_student8133,B2016,Z3/Z4,student8133,32,13,2,False,False,False,0,0,0
B2016_Z3/Z4_student1671,B2016,Z3/Z4,student1671,22,9,2,False,False,False,0,0,0
B2016_Z3/Z4_student5403,B2016,Z3/Z4,student5403,22,9,2,True,False,True,1,0,1
B2016_Z3/Z4_student2437,B2016,Z3/Z4,student2437,12,5,2,False,False,False,0,0,0
B2016_Z3/Z4_student5358,B2016,Z3/Z4,student5358,22,9,2,False,False,False,0,0,0
B2016_Z3/Z4_student6889,B2016,Z3/Z4,student6889,42,17,2,False,False,False,0,0,0
B2016_Z3/Z4_student2351,B2016,Z3/Z4,student2351,12,5,2,False,False,False,0,0,0
B2016_Z3/Z4_student3715,B2016,Z3/Z4,student3715,12,5,2,False,False,False,0,0,0
B2016_Z3/Z4_student9238,B2016,Z3/Z4,student9238,22,9,2,False,False,False,0,0,0
B2016_Z3/Z4_student5370,B2016,Z3/Z4,student5370,12,5,2,False,False,False,0,0,0
B2016_Z3/Z4_student3701,B2016,Z3/Z4,student3701,32,13,2,False,False,False,0,0,0
B2016_Z3/Z4_student6321,B2016,Z3/Z4,student6321,32,13,2,False,False,False,0,0,0
B2016_Z3/Z4_student1466,B2016,Z3/Z4,student1466,22,9,2,False,False,False,0,0,0
B2016_Z3/Z4_student5172,B2016,Z3/Z4,student5172,12,5,2,False,False,False,0,0,0
B2016_Z3/Z4_student2755,B2016,Z3/Z4,student2755,12,5,2,False,False,False,0,0,0
B2016_Z3/Z4_student6255,B2016,Z3/Z4,student6255,32,13,2,False,False,False,0,0,0
B2016_Z3/Z4_student4495,B2016,Z3/Z4,student4495,22,9,2,False,False,False,0,0,0
B2016_Z3/Z4_student1738,B2016,Z3/Z4,student1738,12,5,2,False,False,False,0,0,0
B2016_Z3/Z4_student9358,B2016,Z3/Z4,student9358,42,17,2,False,False,False,0,0,0
B2016_Z3/Z4_student5562,B2016,Z3/Z4,student5562,22,9,2,False,False,False,0,0,0
B2016_Z3/Z4_student8085,B2016,Z3/Z4,student8085,22,9,2,False,False,False,0,0,0
B2016_Z3/Z4_student4124,B2016,Z3/Z4,student4124,42,17,2,False,False,False,0,0,0
B2016_Z3/Z4_student5789,B2016,Z3/Z4,student5789,22,9,2,False,False,False,0,0,0
B2016_Z3/Z4_student7834,B2016,Z3/Z4,student7834,22,9,2,False,False,False,0,0,0
B2016_Z3/Z4_student3313,B2016,Z3/Z4,student3313,12,5,2,False,False,False,0,0,0
B2016_Z3/Z4_student9945,B2016,Z3/Z4,student9945,12,5,2,False,False,False,0,0,0
B2016_Z3/Z4_student7773,B2016,Z3/Z4,student7773,22,9,2,False,False,False,0,0,0
B2016_Z3/Z4_student1302,B2016,Z3/Z4,student1302,52,21,2,False,False,False,0,0,0
B2016_Z3/Z4_student3515,B2016,Z3/Z4,student3515,12,5,2,False,False,False,0,0,0
B2016_Z3/Z4_student7001,B2016,Z3/Z4,student7001,22,9,2,False,False,False,0,0,0
B2016_Z3/Z4_student5170,B2016,Z3/Z4,student5170,12,5,2,False,False,False,0,0,0
B2016_Z3/Z4_student6874,B2016,Z3/Z4,student6874,12,5,2,False,False,False,0,0,0
B2016_Z3/Z4_student6109,B2016,Z3/Z4,student6109,12,5,2,False,False,False,0,0,0
B2016_Z3/Z4_student3071,B2016,Z3/Z4,student3071,32,13,2,False,False,False,0,0,0
B2016_Z3/Z4_student3717,B2016,Z3/Z4,student3717,12,5,2,False,False,False,0,0,0
B2016_Z3/Z4_student5366,B2016,Z3/Z4,student5366,12,5,2,False,False,False,0,0,0
B2016_Z3/Z4_student8118,B2016,Z3/Z4,student8118,22,9,2,False,False,False,0,0,0
B2016_Z3/Z4_student2421,B2016,Z3/Z4,student2421,12,5,2,False,False,False,0,0,0
B2016_Z3/Z4_student6121,B2016,Z3/Z4,student6121,22,9,2,False,False,False,0,0,0
B2016_Z3/Z4_student4736,B2016,Z3/Z4,student4736,22,9,2,False,False,False,0,0,0
B2016_Z3/Z4_student9207,B2016,Z3/Z4,student9207,32,13,2,False,False,False,0,0,0
B2016_Z3/Z4_student8119,B2016,Z3/Z4,student8119,22,9,2,False,False,False,0,0,0
B2016_Z3/Z4_student3925,B2016,Z3/Z4,student3925,42,17,2,False,False,False,0,0,0
B2016_Z3/Z4_student8864,B2016,Z3/Z4,student8864,32,13,2,False,False,False,0,0,0
B2016_Z3/Z4_student4253,B2016,Z3/Z4,student4253,32,13,2,False,False,False,0,0,0
B2016_Z3/Z4_student1317,B2016,Z3/Z4,student1317,22,9,2,False,False,False,0,0,0
B2016_Z3/Z4_student1303,B2016,Z3/Z4,student1303,22,9,2,False,False,False,0,0,0
B2016_Z3/Z4_student1465,B2016,Z3/Z4,student1465,22,9,2,False,False,False,0,0,0
B2016_Z3/Z4_student5603,B2016,Z3/Z4,student5603,12,5,2,False,False,False,0,0,0
B2016_Z3/Z4_student5830,B2016,Z3/Z4,student5830,22,9,2,False,False,False,0,0,0
B2016_Z3/Z4_student4290,B2016,Z3/Z4,student4290,32,13,2,False,False,False,0,0,0
B2016_Z3/Z4_student8521,B2016,Z3/Z4,student8521,22,9,2,False,False,False,0,0,0
B2016_Z3/Z4_student1263,B2016,Z3/Z4,student1263,12,5,2,False,False,False,0,0,0
B2016_Z3/Z4_student3306,B2016,Z3/Z4,student3306,22,9,2,False,False,False,0,0,0
B2016_Z3/Z4_student4469,B2016,Z3/Z4,student4469,32,13,2,False,False,False,0,0,0
B2016_Z3/Z4_student2959,B2016,Z3/Z4,student2959,12,5,2,False,False,False,0,0,0
B2016_Z3/Z4_student2965,B2016,Z3/Z4,student2965,12,5,2,False,False,False,0,0,0
B2016_Z3/Z4_student2232,B2016,Z3/Z4,student2232,12,5,2,False,False,False,0,0,0
B2016_Z3/Z4_student6054,B2016,Z3/Z4,student6054,12,5,2,False,False,False,0,0,0
B2016_Z3/Z4_student6040,B2016,Z3/Z4,student6040,22,9,2,False,False,False,0,0,0
B2016_Z3/Z4_student7438,B2016,Z3/Z4,student7438,22,9,2,False,False,False,0,0,0
B2016_Z3/Z4_student8051,B2016,Z3/Z4,student8051,32,13,2,False,False,False,0,0,0
B2016_Z3/Z4_student3841,B2016,Z3/Z4,student3841,42,17,2,False,False,False,0,0,0
B2016_Z3/Z4_student9388,B2016,Z3/Z4,student9388,12,5,2,False,False,False,0,0,0
B2016_Z3/Z4_student8069,B2016,Z3/Z4,student8069,42,17,2,False,False,False,0,0,0
B2016_Z3/Z4_student4647,B2016,Z3/Z4,student4647,22,9,2,False,False,False,0,0,0
B2016_Z3/Z4_student3666,B2016,Z3/Z4,student3666,12,5,2,False,False,False,0,0,0
B2016_Z3/Z4_student8055,B2016,Z3/Z4,student8055,22,9,2,False,False,False,0,0,0
B2016_Z3/Z4_student2949,B2016,Z3/Z4,student2949,12,5,2,False,False,False,0,0,0
B2016_Z3/Z4_student6534,B2016,Z3/Z4,student6534,22,9,2,False,False,False,0,0,0
B2016_Z3/Z4_student5015,B2016,Z3/Z4,student5015,32,13,2,False,False,False,0,0,0
B2016_Z3/Z4_student7616,B2016,Z3/Z4,student7616,12,5,2,False,False,False,0,0,0
B2016_Z3/Z4_student4280,B2016,Z3/Z4,student4280,12,5,2,False,False,False,0,0,0
B2016_Z3/Z4_student5834,B2016,Z3/Z4,student5834,12,5,2,False,False,False,0,0,0
B2016_Z3/Z4_student6332,B2016,Z3/Z4,student6332,22,9,2,False,False,False,0,0,0
B2016_Z3/Z4_student1307,B2016,Z3/Z4,student1307,22,9,2,False,False,False,0,0,0
B2016_Z3/Z4_student6468,B2016,Z3/Z4,student6468,20,9,5,False,False,False,0,0,0
B2016_Z3/Z4_student1313,B2016,Z3/Z4,student1313,22,9,2,False,False,False,0,0,0
B2016_Z3/Z4_student9029,B2016,Z3/Z4,student9029,22,9,2,False,False,False,0,0,0
B2016_Z3/Z4_student8337,B2016,Z3/Z4,student8337,12,5,2,False,False,False,0,0,0
B2016_Z3/Z4_student4082,B2016,Z3/Z4,student4082,22,9,2,False,False,False,0,0,0
B2016_Z3/Z4_student8860,B2016,Z3/Z4,student8860,22,9,2,False,False,False,0,0,0
B2016_Z3/Z4_student6656,B2016,Z3/Z4,student6656,12,5,2,False,False,False,0,0,0
B2016_Z3/Z4_student1110,B2016,Z3/Z4,student1110,22,9,2,False,False,False,0,0,0
B2016_Z3/Z4_student1845,B2016,Z3/Z4,student1845,12,5,2,False,False,False,0,0,0
B2016_Z3/Z4_student8444,B2016,Z3/Z4,student8444,22,9,2,False,False,False,0,0,0
B2016_Z3/Z4_student2155,B2016,Z3/Z4,student2155,22,9,2,False,False,False,0,0,0
B2016_Z3/Z4_student8524,B2016,Z3/Z4,student8524,42,17,2,False,False,False,0,0,0
B2016_Z3/Z4_student1266,B2016,Z3/Z4,student1266,12,5,2,False,False,False,0,0,0
B2016_Z3/Z4_student7165,B2016,Z3/Z4,student7165,22,9,2,False,False,False,0,0,0
B2016_Z3/Z4_student8518,B2016,Z3/Z4,student8518,22,9,2,False,False,False,0,0,0
B2016_Z3/Z4_student9160,B2016,Z3/Z4,student9160,42,17,2,False,False,False,0,0,0
B2016_Z3/Z4_student9821,B2016,Z3/Z4,student9821,22,9,2,False,False,False,0,0,0
B2016_Z3/Z4_student8295,B2016,Z3/Z4,student8295,12,5,2,False,False,False,0,0,0
B2016_Z3/Z4_student7830,B2016,Z3/Z4,student7830,12,5,2,False,False,False,0,0,0
B2016_Z3/Z4_student3673,B2016,Z3/Z4,student3673,22,9,2,False,False,False,0,0,0
B2016_Z3/Z4_student9438,B2016,Z3/Z4,student9438,12,5,2,False,False,False,0,0,0
B2016_Z3/Z4_student4108,B2016,Z3/Z4,student4108,42,17,2,False,False,False,0,0,0
B2016_Z3/Z4_student7429,B2016,Z3/Z4,student7429,22,9,2,False,False,False,0,0,0
B2016_Z3/Z4_student6723,B2016,Z3/Z4,student6723,22,9,2,False,False,False,0,0,0
B2016_Z3/Z4_student2586,B2016,Z3/Z4,student2586,32,13,2,False,False,False,0,0,0
B2016_Z3/Z4_student3856,B2016,Z3/Z4,student3856,12,5,2,False,False,False,0,0,0
B2016_Z3/Z4_student4863,B2016,Z3/Z4,student4863,22,9,2,False,False,False,0,0,0
B2016_Z3/Z4_student2553,B2016,Z3/Z4,student2553,22,9,2,False,False,False,0,0,0
B2016_Z3/Z4_student6053,B2016,Z3/Z4,student6053,12,5,2,False,False,False,0,0,0
B2016_Z3/Z4_student4888,B2016,Z3/Z4,student4888,12,5,2,False,False,False,0,0,0
B2016_Z3/Z4_student2221,B2016,Z3/Z4,student2221,20,9,5,False,False,False,0,0,0
B2016_Z3/Z4_student2547,B2016,Z3/Z4,student2547,22,9,2,False,False,False,0,0,0
B2016_Z3/Z4_student8724,B2016,Z3/Z4,student8724,22,9,2,False,False,False,0,0,0
B2016_Z3/Z4_student1066,B2016,Z3/Z4,student1066,22,9,2,False,False,False,0,0,0
B2016_Z3/Z4_student3671,B2016,Z3/Z4,student3671,22,9,2,False,False,False,0,0,0
B2016_Z3/Z4_student5957,B2016,Z3/Z4,student5957,12,5,2,False,False,False,0,0,0
B2016_Z3/Z4_student9823,B2016,Z3/Z4,student9823,42,17,2,False,False,False,0,0,0
B2016_Z3/Z4_student3329,B2016,Z3/Z4,student3329,22,9,2,False,False,False,0,0,0
B2016_Z3/Z4_student4320,B2016,Z3/Z4,student4320,22,9,2,False,False,False,0,0,0
B2016_Z3/Z4_student1502,B2016,Z3/Z4,student1502,12,5,2,False,False,False,0,0,0
B2016_Z3/Z4_student3315,B2016,Z3/Z4,student3315,12,5,2,False,False,False,0,0,0
B2016_Z3/Z4_student8532,B2016,Z3/Z4,student8532,22,9,2,False,False,False,0,0,0
B2016_Z3/Z4_student5770,B2016,Z3/Z4,student5770,32,13,2,False,False,False,0,0,0
B2016_Z3/Z4_student3301,B2016,Z3/Z4,student3301,12,5,2,False,False,False,0,0,0
B2016_Z3/Z4_student7985,B2016,Z3/Z4,student7985,12,5,2,False,False,False,0,0,0
B2016_Z3/Z4_student4526,B2016,Z3/Z4,student4526,32,13,2,False,False,False,0,0,0
B2016_Z3/Z4_student2157,B2016,Z3/Z4,student2157,12,5,2,False,False,False,0,0,0
B2016_Z3/Z4_student1476,B2016,Z3/Z4,student1476,12,5,2,False,False,False,0,0,0
B2016_Z3/Z4_student5162,B2016,Z3/Z4,student5162,22,9,2,False,False,False,0,0,0
B2016_Z3/Z4_student4095,B2016,Z3/Z4,student4095,32,13,2,False,False,False,0,0,0
B2016_Z3/Z4_student8863,B2016,Z3/Z4,student8863,12,5,2,False,False,False,0,0,0
B2016_Z3/Z4_student4903,B2016,Z3/Z4,student4903,22,9,2,False,False,False,0,0,0
B2016_Z3/Z4_student5412,B2016,Z3/Z4,student5412,12,5,2,False,False,False,0,0,0
B2016_Z3/Z4_student3711,B2016,Z3/Z4,student3711,22,9,2,False,False,False,0,0,0
B2016_Z3/Z4_student5413,B2016,Z3/Z4,student5413,32,13,2,False,False,False,0,0,0
B2016_Z3/Z4_student4043,B2016,Z3/Z4,student4043,22,9,2,False,False,False,0,0,0
B2016_Z3/Z4_student2340,B2016,Z3/Z4,student2340,42,17,2,False,False,False,0,0,0
B2016_Z3/Z4_student1649,B2016,Z3/Z4,student1649,22,9,2,False,False,False,0,0,0
B2016_Z3/Z4_student1891,B2016,Z3/Z4,student1891,12,5,2,False,False,False,0,0,0
B2016_Z3/Z4_student7589,B2016,Z3/Z4,student7589,32,13,2,False,False,False,0,0,0
B2016_Z3/Z4_student7774,B2016,Z3/Z4,student7774,32,13,2,False,False,False,0,0,0
B2016_Z3/Z4_student1477,B2016,Z3/Z4,student1477,12,5,2,False,False,False,0,0,0
B2016_Z3/Z4_student2142,B2016,Z3/Z4,student2142,22,9,2,False,False,False,0,0,0
B2016_Z3/Z4_student4296,B2016,Z3/Z4,student4296,22,9,2,False,False,False,0,0,0
B2016_Z3/Z4_student5771,B2016,Z3/Z4,student5771,42,17,2,False,False,False,0,0,0
B2016_Z3/Z4_student5573,B2016,Z3/Z4,student5573,12,5,2,False,False,False,0,0,0
B2016_Z3/Z4_student8043,B2016,Z3/Z4,student8043,12,5,2,False,False,False,0,0,0
B2016_Z3/Z4_student3116,B2016,Z3/Z4,student3116,12,5,2,False,False,False,0,0,0
B2016_Z3/Z4_student6720,B2016,Z3/Z4,student6720,22,9,2,False,False,False,0,0,0
B2016_Z3/Z4_student2234,B2016,Z3/Z4,student2234,22,9,2,False,False,False,0,0,0
B2016_Z3/Z4_student6913,B2016,Z3/Z4,student6913,22,9,2,False,False,False,0,0,0
B2016_Z3/Z4_student2585,B2016,Z3/Z4,student2585,12,5,2,False,False,False,0,0,0
B2016_Z3/Z4_student6790,B2016,Z3/Z4,student6790,12,5,2,False,False,False,0,0,0
B2016_Z3/Z4_student3171,B2016,Z3/Z4,student3171,32,13,2,False,False,False,0,0,0
B2016_Z3/Z4_student1772,B2016,Z3/Z4,student1772,22,9,2,False,False,False,0,0,0
B2016_Z3/Z4_student2247,B2016,Z3/Z4,student2247,22,9,2,False,False,False,0,0,0
B2016_Z3/Z4_student4150,B2016,Z3/Z4,student4150,12,5,2,False,False,False,0,0,0
B2016_Z3/Z4_student7868,B2016,Z3/Z4,student7868,12,5,2,False,False,False,0,0,0
B2016_Z3/Z4_student2086,B2016,Z3/Z4,student2086,12,5,2,False,False,False,0,0,0
B2016_Z3/Z4_student1202,B2016,Z3/Z4,student1202,42,17,2,False,False,False,0,0,0
B2016_Z3/Z4_student8540,B2016,Z3/Z4,student8540,22,9,2,False,False,False,0,0,0
B2016_Z3/Z4_student9676,B2016,Z3/Z4,student9676,22,9,2,False,False,False,0,0,0
B2016_Z3/Z4_student9931,B2016,Z3/Z4,student9931,12,5,2,False,False,False,0,0,0
B2016_Z3/Z4_student6419,B2016,Z3/Z4,student6419,22,9,2,False,False,False,0,0,0
B2016_Z3/Z4_student7713,B2016,Z3/Z4,student7713,12,5,2,False,False,False,0,0,0
B2016_Z3/Z4_student4554,B2016,Z3/Z4,student4554,32,13,2,False,False,False,0,0,0
